site,station_code,date_sampled,REGsites,WBID,"2, 4-D_1",Aceta_1,Alkalinity_1,ATEMP_1,BacR_1,Bentazon_1,Carbamazepine_1,CHLa_C_1,CHLa_C_2,CHLa_UnC_1,CHLa_UnC_2,CHLb_Tri_N_1,CHLb_Tri_N_2,CHLc_Tri_N_1,CHLc_Tri_N_2,DG3_1,Diuron_1,DO_1,DO_p_1,DTKN_1,DTKN_2,DTKN_3,ENTERO_1,FECCOL_1,Fenuron_1,Fluoride_1,Fluridone_1,GFD_1,GULL2_1,HF183_1,Hydrocodone_1,Ibuprofen_1,Imazapyr_1,Imidacloprid_1,Linuron_1,MCPP_1,Naproxen_1,NH4_N_1,NH4_N_2,NH4_N_3,NO23F_1,OD664b/OD665a_1,OD664b/OD665a_2,pH_1,PHEA_1,PHEA_2,Primidone_1,Pyraclostrobin_1,SALT_1,SECCHI_1,SpCond_1,Sucra_1,TKN_1,TN_1,TP_1,TP_2,TP_3,Triclopyr_1,TSS_1,Turbidity_1,TURBIDITY_1,W-CL-IC_1,W-COLOR_1,W-SO4-IC_1,W-TDS_1,W-TOC_1,WDEPTH_1,WIND_D_1,WIND_S_1,WTEM_1
Micklers,GTMMKNUT,2017-07-20T12:05:00Z,Excluded,Lake,NA,NA,NA,30,NA,NA,NA,2.8,NA,4.1,NA,1,NA,1,NA,NA,NA,1.62,NA,NA,NA,NA,67,86,NA,NA,NA,NA,NA,NA,NA,NA,NA,NA,NA,NA,NA,NA,NA,NA,0.01,1.41,NA,7.5,2,NA,NA,NA,0.46,NA,948,NA,1.11,1.12,0.0425,NA,NA,NA,NA,NA,NA,NA,NA,NA,NA,NA,NA,NA,1.8,29.4
Micklers,GTMMKNUT,2017-08-03T11:24:00Z,Excluded,Lake,NA,NA,NA,31.27777777777778,NA,NA,NA,3.8,NA,4.2,NA,1.3,NA,1.3,NA,NA,NA,37.22,NA,NA,NA,NA,110,180,NA,NA,NA,NA,NA,NA,NA,NA,NA,NA,NA,NA,NA,NA,NA,NA,0.01,1.62,NA,7.53,1.3,NA,NA,NA,0.34,NA,708,NA,1.08,1.08,0.0827,NA,NA,NA,NA,NA,NA,NA,NA,NA,NA,NA,NA,NA,7.605459999999999,26.9
Micklers,GTMMKNUT,2017-09-20T09:06:00Z,Excluded,Lake,NA,NA,NA,25.555555555555557,NA,NA,NA,13.7,NA,14.3,NA,2.9,NA,2.9,NA,NA,NA,0.24,2.96,NA,NA,NA,59,490,NA,NA,NA,NA,NA,NA,NA,NA,NA,NA,NA,NA,NA,NA,NA,NA,0.01,1.69,NA,6.38,2.9,NA,NA,NA,0.32,0.723,666,NA,1.42,1.42,0.242,NA,NA,NA,NA,NA,NA,NA,NA,NA,NA,NA,NA,NA,1.3421399999999999,26.1
Micklers,GTMMKNUT,2017-10-18T12:52:00Z,Excluded,Lake,NA,NA,NA,28.83333333333334,NA,NA,NA,10.1,NA,12.2,NA,2,NA,2,NA,NA,NA,5.16,61,NA,NA,NA,10,120,NA,NA,NA,NA,NA,NA,NA,NA,NA,NA,NA,NA,NA,NA,NA,NA,0.015,1.55,NA,8.42,2.8,NA,NA,NA,0.34,NA,693,NA,1.15,1.16,0.148,NA,NA,NA,NA,NA,NA,NA,NA,NA,NA,NA,NA,NA,4.4738,22.9
Micklers,GTMMKNUT,2017-11-02T13:11:00Z,Excluded,Lake,NA,NA,NA,27.2,NA,NA,NA,5.8,NA,7.6,NA,1.2,NA,1.2,NA,NA,NA,4.02,43,NA,NA,NA,10,10,NA,NA,NA,NA,NA,NA,NA,NA,NA,NA,NA,NA,NA,NA,NA,NA,0.013,1.49,NA,8.19,2.5,NA,NA,NA,0.37,NA,752,NA,0.96,0.97,0.076,NA,NA,NA,NA,NA,NA,NA,NA,NA,NA,NA,NA,NA,1.5,19.4
Micklers,GTMMKNUT,2017-12-13T15:15:00Z,Excluded,Lake,NA,NA,NA,24.555555555555557,NA,NA,NA,2.3,NA,3.5,NA,2.3,NA,2.3,NA,NA,NA,10.32,95.67,0.71,NA,NA,10,26,NA,NA,NA,NA,NA,NA,NA,NA,NA,NA,NA,NA,NA,0.012,NA,NA,0.028,1.39,NA,8.11,2.3,NA,NA,NA,0.34,NA,689,NA,0.9,0.93,0.0725,NA,NA,NA,NA,NA,NA,NA,NA,NA,NA,NA,NA,NA,2.2369,12.3
Micklers,GTMMKNUT,2018-01-17T13:46:00Z,Excluded,Lake,NA,NA,NA,17,NA,NA,NA,1.6,NA,1.6,NA,1.1,NA,1.1,NA,NA,NA,10.61,97.3,0.98,NA,NA,10,2,NA,NA,NA,NA,NA,NA,NA,NA,NA,NA,NA,NA,NA,0.038,NA,NA,0.033,1.73,NA,7.9,1.1,NA,NA,NA,0.39,NA,798,NA,1.25,1.28,0.111,NA,NA,NA,NA,NA,NA,NA,NA,NA,NA,NA,NA,NA,11.1845,11.7
Micklers,GTMMKNUT,2018-02-14T11:38:00Z,Excluded,Lake,NA,NA,NA,15,NA,NA,NA,6.1,NA,8.6,NA,2.5,NA,2.5,NA,NA,NA,7.48,75.5,0.97,NA,NA,10,22,NA,NA,NA,NA,NA,NA,NA,NA,NA,NA,NA,NA,NA,0.087,NA,NA,0.055,1.44,NA,7.58,3.6,NA,NA,NA,0.33,NA,678,NA,0.92,0.97,0.179,NA,NA,NA,NA,NA,NA,NA,NA,NA,NA,NA,NA,NA,6.710699999999999,15.2
Micklers,GTMMKNUT,2018-03-28T12:10:00Z,Excluded,Lake,NA,NA,NA,27.2,NA,NA,NA,8.7,NA,14.1,NA,1.5,NA,1.5,NA,NA,NA,5.05,56.3,1.3,NA,NA,10,10,NA,NA,NA,NA,NA,NA,NA,NA,NA,NA,NA,NA,NA,0.068,NA,NA,0.015,1.36,NA,7.95,8.4,NA,NA,NA,0.43,NA,865,NA,1.18,1.19,0.167,NA,NA,NA,NA,NA,NA,NA,NA,NA,NA,NA,NA,NA,1.2,19.9
Micklers,GTMMKNUT,2018-04-24T10:56:00Z,Excluded,Lake,NA,NA,NA,22.9,NA,NA,NA,3.2,NA,5,NA,1.1,NA,1.1,NA,NA,NA,5.36,62.1,1.07,NA,NA,20,20,NA,NA,NA,NA,NA,NA,NA,NA,NA,NA,NA,NA,NA,0.044,NA,NA,0.014,1.38,NA,7.43,2.7,NA,NA,NA,0.33,NA,676,NA,0.9,0.91,0.165,NA,NA,NA,NA,NA,NA,NA,NA,NA,NA,NA,NA,NA,0.9,21.8
Micklers,GTMMKNUT,2018-05-30T14:30:00Z,Excluded,Lake,NA,NA,NA,25.2,NA,NA,NA,2.4,NA,3,NA,2,NA,2,NA,NA,NA,6.02,75.4,0.87,NA,NA,10,5,NA,NA,NA,NA,NA,NA,NA,NA,NA,NA,NA,NA,NA,0.148,NA,NA,0.01,1.52,NA,7.36,2,NA,NA,NA,0.35,NA,718,NA,0.99,1,0.095,NA,NA,NA,NA,NA,NA,NA,NA,NA,NA,NA,NA,NA,1.1,26.7
Micklers,GTMMKNUT,2018-06-11T11:47:00Z,Excluded,Lake,NA,NA,NA,30.5,NA,NA,NA,2.1,NA,2.6,NA,2,NA,2,NA,NA,NA,6.31,80.1,0.92,NA,NA,10,10,NA,NA,NA,NA,NA,NA,NA,NA,NA,NA,NA,NA,NA,0.027,NA,NA,0.01,1.51,NA,7.47,2,NA,NA,NA,0.36,NA,745,NA,0.87,0.87,0.0896,NA,NA,NA,NA,NA,NA,NA,NA,NA,NA,NA,NA,NA,0.3,27.1
Micklers,GTMMKNUT,2018-07-11T15:20:00Z,Excluded,Lake,NA,NA,NA,31.6,NA,NA,NA,2.5,NA,3.7,NA,1.1,NA,1.1,NA,NA,NA,8.8,120.7,0.96,NA,NA,10,10,NA,NA,NA,NA,NA,NA,NA,NA,NA,NA,NA,NA,NA,0.024,NA,NA,0.01,1.41,NA,7.85,1.8,NA,NA,NA,0.38,NA,780,NA,2.33,2.33,0.035,NA,NA,NA,NA,NA,NA,NA,NA,NA,NA,NA,1.0304878048780488,NA,1.5,31.1
Micklers,GTMMKNUT,2018-08-08T12:41:00Z,Excluded,Lake,NA,NA,NA,32.4,NA,NA,NA,3.8,NA,4.4,NA,2,NA,2,NA,NA,NA,4.58,61.7,1.38,NA,NA,63,10,NA,NA,NA,NA,NA,NA,NA,NA,NA,NA,NA,NA,NA,0.027,NA,NA,0.01,1.59,NA,7.22,2,NA,NA,NA,0.37,NA,759,NA,0.99,1,0.078,NA,NA,NA,NA,NA,NA,NA,NA,NA,NA,NA,0.9146341463414634,NA,0.8,31
Micklers,GTMMKNUT,2018-09-06T14:57:00Z,Excluded,Lake,NA,NA,NA,29.3,NA,NA,NA,3.1,NA,5.7,NA,2.5,NA,4.1,NA,NA,NA,5.31,70.1,0.71,NA,NA,41,40,NA,NA,NA,NA,NA,NA,NA,NA,NA,NA,NA,NA,NA,0.041,NA,NA,0.01,1.28,NA,7.27,4.6,NA,NA,NA,0.3,NA,620,NA,0.86,0.86,0.0625,NA,NA,NA,NA,NA,NA,NA,NA,NA,NA,NA,1.128048780487805,NA,2.5,29.9
Micklers,GTMMKNUT,2018-10-22T13:55:00Z,Excluded,Lake,NA,NA,NA,25.7,NA,NA,NA,3,NA,3.3,NA,2.3,NA,2.3,NA,NA,NA,3.08,35.1,1.08,NA,NA,20,10,NA,NA,NA,NA,NA,NA,NA,NA,NA,NA,NA,NA,NA,0.06,NA,NA,0.015,1.6,NA,7.19,2.3,NA,NA,NA,0.38,NA,784,NA,1.03,1.04,0.0281,NA,NA,NA,NA,NA,NA,NA,NA,NA,NA,NA,1.0365853658536586,NA,1.6,21.2
Micklers,GTMMKNUT,2018-11-07T13:39:00Z,Excluded,Lake,NA,NA,NA,26.8,NA,NA,NA,2.3,2.3,2.6,2.6,2.3,2.3,2.3,2.3,NA,NA,2.2,26,1.07,27.4,1.14,10,70,NA,NA,NA,NA,NA,NA,NA,NA,NA,NA,NA,NA,NA,0.077,NA,NA,0.014,1.42,1.39,7.38,2.3,2.3,NA,NA,0.41,NA,836,NA,0.92,0.93,0.0558,NA,NA,NA,NA,NA,NA,NA,NA,NA,NA,NA,1.0060975609756098,NA,1.5,23.9
Micklers,GTMMKNUT,2018-12-05T14:22:00Z,Excluded,Lake,NA,NA,NA,13.4,NA,NA,NA,NA,NA,NA,NA,NA,NA,NA,NA,NA,NA,6.2,61.2,NA,NA,NA,NA,NA,NA,NA,NA,NA,NA,NA,NA,NA,NA,NA,NA,NA,NA,NA,NA,NA,NA,NA,NA,7.14,NA,NA,NA,NA,0.32,NA,663,NA,NA,NA,NA,NA,NA,NA,NA,NA,NA,NA,NA,NA,NA,NA,4.8,NA,2.8,14.9
Micklers,GTMMKNUT,2019-01-22T15:15:00Z,Excluded,Lake,NA,NA,NA,18.61111,NA,NA,NA,NA,NA,NA,NA,NA,NA,NA,NA,NA,NA,12.05,117,NA,NA,NA,NA,NA,NA,NA,NA,NA,NA,NA,NA,NA,NA,NA,NA,NA,NA,NA,NA,NA,NA,NA,NA,7.87,NA,NA,NA,NA,0.36,NA,738,NA,NA,NA,NA,NA,NA,NA,NA,NA,NA,NA,NA,NA,NA,NA,1.3716,NA,0.89408,13.9
Micklers,GTMMKNUT,2019-02-04T16:10:00Z,Excluded,Lake,NA,NA,NA,15.5,NA,NA,NA,NA,NA,NA,NA,NA,NA,NA,NA,NA,NA,8.67,88.6,NA,NA,NA,NA,NA,NA,NA,NA,NA,NA,NA,NA,NA,NA,NA,NA,NA,NA,NA,NA,NA,NA,NA,NA,7.3,NA,NA,NA,NA,0.32,NA,648,NA,NA,NA,NA,NA,NA,NA,NA,NA,NA,NA,NA,NA,NA,NA,1.03632,NA,0.5,16.3
FDEP Lake 1,GTMGL1NUT,2018-07-11T12:50:00Z,Lake,Lake,NA,NA,130,32.4,NA,NA,NA,4.5,NA,5.8,NA,NA,NA,NA,NA,NA,NA,8.89,123.3,1.1,NA,NA,340,10,NA,0.24,NA,NA,NA,NA,NA,NA,NA,NA,NA,NA,NA,0.013,NA,NA,0.004,NA,NA,8.11,1.9,NA,NA,NA,0.39,NA,807,NA,1.1,NA,0.056,NA,NA,NA,2,1.1,NA,NA,NA,NA,NA,24,0.10670731707317073,NA,1.5,31.5
FDEP Lake 1,GTMGL1NUT,2018-08-08T10:23:00Z,Lake,Lake,NA,NA,NA,30.4,NA,NA,NA,6.1,NA,6.6,NA,1.4,NA,1.4,NA,NA,NA,4.66,62,1.06,NA,NA,2600,30,NA,NA,NA,NA,NA,NA,NA,NA,NA,NA,NA,NA,NA,0.039,NA,NA,0.012,1.65,NA,7.57,1.4,NA,NA,NA,0.37,NA,755,NA,0.52,0.53,0.052,NA,NA,NA,NA,NA,NA,NA,NA,NA,NA,NA,0.49,NA,1.2,29.1
FDEP Lake 1,GTMGL1NUT,2018-09-06T11:32:00Z,Lake,Lake,0.14,0.008,117,29.3,1500,0.12,9.7e-4,5.6,NA,6.4,NA,NA,NA,NA,NA,1300,0.019,2.54,32.7,1,NA,NA,31,40,0.016,0.2,0.11,170,8400,140,8e-4,0.02,0.12,0.0071,0.004,0.002,0.008,0.036,NA,NA,0.004,NA,NA,7.37,0.88,NA,0.004,0.002,0.34,NA,696,1.6,1.1,NA,0.1,NA,NA,0.004,3,1.5,NA,NA,NA,NA,NA,20,0.3,NA,3.3,28.4
FDEP Lake 1,GTMGL1NUT,2018-10-22T11:50:00Z,Lake,Lake,NA,NA,NA,25.4,NA,NA,NA,3.3,NA,4.3,NA,1,NA,1,NA,NA,NA,3.9,44.3,1.25,NA,NA,95,30,NA,NA,NA,NA,NA,NA,NA,NA,NA,NA,NA,NA,NA,0.06,NA,NA,0.011,1.5,NA,7.4,1.3,NA,NA,NA,0.42,NA,846,NA,0.94,0.95,0.005,NA,NA,NA,NA,NA,NA,NA,NA,NA,NA,NA,0.45,NA,3.3,21.3
FDEP Lake 1,GTMGL1NUT,2018-11-07T12:03:00Z,Lake,Lake,NA,NA,NA,25.9,NA,NA,NA,3.8,NA,5,NA,2.5,NA,2.5,NA,NA,NA,5.34,64.3,1.12,NA,NA,10,370,NA,NA,NA,NA,NA,NA,NA,NA,NA,NA,NA,NA,NA,0.079,NA,NA,0.008,1.48,NA,7.8,2.5,NA,NA,NA,0.44,NA,906,NA,1.16,1.16,0.0731,0.565,0.0709,NA,NA,NA,NA,NA,NA,NA,NA,NA,0.31,NA,2,24.7
FDEP Lake 1,GTMGL1NUT,2018-12-05T11:57:00Z,Lake,Lake,NA,NA,116,12,NA,NA,NA,1.4,NA,1.8,NA,NA,NA,NA,NA,NA,NA,0.24,62,0.81,NA,NA,41,36,NA,0.19,NA,NA,NA,NA,NA,NA,NA,NA,NA,NA,NA,0.007,NA,NA,0.004,NA,NA,7.25,0.6,NA,NA,NA,0.35,NA,705,NA,0.77,NA,0.07,NA,NA,NA,2,0.65,NA,100,79,53,442,19,0.21336,NA,3.5,14.8
FDEP Lake 1,GTMGL1NUT,2019-01-22T13:25:00Z,Lake,Lake,NA,NA,NA,17.27778,NA,NA,NA,NA,NA,NA,NA,NA,NA,NA,NA,NA,NA,10.73,104.7,NA,NA,NA,NA,NA,NA,NA,NA,NA,NA,NA,NA,NA,NA,NA,NA,NA,NA,NA,NA,NA,NA,NA,NA,8.8,NA,NA,NA,NA,0.39,NA,7.94,NA,NA,NA,NA,NA,NA,NA,NA,NA,NA,NA,NA,NA,NA,NA,0.5,NA,1.96698,14.2
FDEP Lake 1,GTMGL1NUT,2019-02-04T12:53:00Z,Lake,Lake,0.0096,0.008,119,14,NA,0.075,9.6e-4,NA,NA,NA,NA,NA,NA,NA,NA,NA,0.0028,7.32,73.3,0.83,NA,NA,NA,NA,0.016,0.18,0.065,NA,NA,NA,0.002,0.02,0.067,0.0097,0.004,0.002,0.008,0.018,NA,NA,0.005,NA,NA,7.38,NA,NA,0.0063,0.002,0.33,NA,682,2.1,0.73,NA,0.092,NA,NA,0.004,2,NA,0.7,NA,NA,NA,NA,16,0.4,NA,3.5,15.2
FDEP Lake 2,GTMGL2NUT,2018-07-11T12:22:00Z,Lake,Lake,NA,NA,134,32,NA,NA,NA,76,NA,82,NA,NA,NA,NA,NA,NA,NA,7.21,98.1,2,NA,NA,330,10,NA,0.27,NA,NA,NA,NA,NA,NA,NA,NA,NA,NA,NA,0.02,NA,NA,0.004,NA,NA,7.97,5.1,NA,NA,NA,1.11,0.6,2198,NA,2,NA,0.17,NA,NA,NA,26,15,NA,NA,NA,NA,NA,30,0.65,NA,0.8,30.8
FDEP Lake 2,GTMGL2NUT,2018-08-08T09:50:00Z,Lake,Lake,NA,NA,NA,29.1,NA,NA,NA,42.1,NA,44.8,NA,4,NA,4,NA,NA,NA,4.04,53.2,1.64,NA,NA,84,30,NA,NA,NA,NA,NA,NA,NA,NA,NA,NA,NA,NA,NA,0.018,NA,NA,0.01,1.66,NA,7.88,4,NA,NA,NA,0.66,0.5,1332,NA,1.62,1.62,0.117,NA,NA,NA,NA,NA,NA,NA,NA,NA,NA,NA,0.58,NA,1.3,29.6
FDEP Lake 2,GTMGL2NUT,2018-09-06T10:48:00Z,Lake,Lake,0.16,0.008,108,28.8,1500,0.066,8e-4,20,NA,22,NA,NA,NA,NA,NA,1300,0.002,4.88,63.8,1.5,NA,NA,10,10,0.016,0.22,0.047,170,8400,140,8e-4,0.02,2.1,0.002,0.004,0.002,0.008,0.011,NA,NA,0.004,NA,NA,7.85,2.9,NA,0.004,0.002,0.65,NA,1307,1.4,1.7,NA,0.064,NA,NA,0.004,8,4.5,NA,NA,NA,NA,NA,25,0.7621951219512195,NA,3.8,28.8
FDEP Lake 2,GTMGL2NUT,2018-10-22T11:23:00Z,Lake,Lake,NA,NA,NA,25.3,NA,NA,NA,35.1,NA,40.5,NA,5,NA,5,NA,NA,NA,7.62,85.1,2.16,NA,NA,40,50,NA,NA,NA,NA,NA,NA,NA,NA,NA,NA,NA,NA,NA,0.04,NA,NA,0.01,1.59,NA,8.13,6.8,NA,NA,NA,2.46,0.4,4599,NA,2.73,2.73,0.0835,NA,NA,NA,NA,NA,NA,NA,NA,NA,NA,NA,0.7,NA,2.6,20.1
FDEP Lake 2,GTMGL2NUT,2018-11-07T11:40:00Z,Lake,Lake,NA,NA,NA,25.5,NA,NA,NA,25.7,NA,31.3,NA,2.5,NA,2.7,NA,NA,NA,6.29,79.5,2.5,NA,NA,10,10,NA,NA,NA,NA,NA,NA,NA,NA,NA,NA,NA,NA,NA,0.053,NA,NA,0.008,1.54,NA,8.12,7.6,NA,NA,NA,2.89,0.65,5370,NA,2.08,2.08,0.0389,NA,NA,NA,NA,NA,NA,NA,NA,NA,NA,NA,0.7,NA,2.6,26.2
FDEP Lake 2,GTMGL2NUT,2018-12-05T11:29:00Z,Lake,Lake,NA,NA,100,10.9,NA,NA,NA,5.4,NA,6.8,NA,NA,NA,NA,NA,NA,NA,6.4,64.3,1,NA,NA,20,10,NA,0.2,NA,NA,NA,NA,NA,NA,NA,NA,NA,NA,NA,0.017,NA,NA,0.004,NA,NA,7.45,1.9,NA,NA,NA,1.07,1,2091,NA,1.1,NA,0.048,NA,NA,NA,4,2.6,NA,520,99,95,1200,20,0.88392,NA,2.5,15.5
FDEP Lake 2,GTMGL2NUT,2019-01-22T13:04:00Z,Lake,Lake,NA,NA,NA,17.5,NA,NA,NA,NA,NA,NA,NA,NA,NA,NA,NA,NA,NA,10.51,102.2,NA,NA,NA,NA,NA,NA,NA,NA,NA,NA,NA,NA,NA,NA,NA,NA,NA,NA,NA,NA,NA,NA,NA,NA,8.48,NA,NA,NA,NA,2.4,0.4,4476,NA,NA,NA,NA,NA,NA,NA,NA,NA,NA,NA,NA,NA,NA,NA,0.82296,NA,1.65405,13
FDEP Lake 2,GTMGL2NUT,2019-02-04T12:24:00Z,Lake,Lake,0.0024,0.008,112,14,NA,0.038,8e-4,NA,NA,NA,NA,NA,NA,NA,NA,NA,0.002,8.1,81.6,1,NA,NA,NA,NA,0.016,0.21,0.024,NA,NA,NA,0.002,0.02,0.06,0.0027,0.004,0.002,0.008,0.062,NA,NA,0.024,NA,NA,7.92,NA,NA,0.004,0.002,0.99,0.5,1931,1.5,1.2,NA,0.056,NA,NA,0.004,17,NA,16,NA,NA,NA,NA,16,0.85344,NA,3.7,15.3
Lake Middle,GTMLMNUT,2018-01-17T12:06:00Z,Lake,Lake,NA,NA,NA,18.333333333333336,NA,NA,NA,21.8,NA,22.1,NA,5,NA,5,NA,NA,NA,10.11,97.6,1.12,NA,NA,10,18,NA,NA,NA,NA,NA,NA,NA,NA,NA,NA,NA,NA,NA,0.024,NA,NA,0.021,1.73,NA,8.06,5,NA,NA,NA,6.9,0.4,12039,NA,2.16,2.17,0.0826,NA,NA,NA,NA,NA,NA,NA,NA,NA,NA,NA,NA,NA,20.132099999999998,11.7
Lake Middle,GTMLMNUT,2018-02-14T10:25:00Z,Lake,Lake,NA,NA,NA,15,NA,NA,NA,46,NA,60,NA,10,NA,10,NA,NA,NA,9.04,92.7,1.27,NA,NA,52,8,NA,NA,NA,NA,NA,NA,NA,NA,NA,NA,NA,NA,NA,0.051,NA,NA,0.044,1.5,NA,7.44,19,NA,NA,NA,4.46,0.2,7998,NA,2.32,2.36,0.15,NA,NA,NA,NA,NA,NA,NA,NA,NA,NA,NA,NA,NA,22.369,15.2
Lake Middle,GTMLMNUT,2018-03-28T10:23:00Z,Lake,Lake,NA,NA,NA,20.9,NA,NA,NA,84,NA,101,NA,10,NA,11,NA,NA,NA,7.04,80.4,1.27,NA,NA,10,10,NA,NA,NA,NA,NA,NA,NA,NA,NA,NA,NA,NA,NA,0.041,NA,NA,0.069,1.55,NA,7.87,24,NA,NA,NA,4.7,0.15,8417,NA,2.77,2.84,0.168,NA,NA,NA,NA,NA,NA,NA,NA,NA,NA,NA,0.42,NA,2,20.1
Lake Middle,GTMLMNUT,2018-04-24T09:38:00Z,Lake,Lake,NA,NA,NA,21.5,NA,NA,NA,35,NA,42,NA,10,NA,10,NA,NA,NA,6.37,74.8,1.33,NA,NA,73,210,NA,NA,NA,NA,NA,NA,NA,NA,NA,NA,NA,NA,NA,0.071,NA,NA,0.033,1.56,NA,7.46,10,NA,NA,NA,4.8,0.2,8606,NA,1.71,1.74,0.129,NA,NA,NA,NA,NA,NA,NA,NA,NA,NA,NA,0.7,NA,4.4,21.8
Lake Middle,GTMLMNUT,2018-05-30T12:52:00Z,Lake,Lake,NA,NA,NA,26.6,NA,NA,NA,44.5,NA,49.5,NA,5,NA,5.9,NA,NA,NA,5.34,69.6,1.24,NA,NA,10,15,NA,NA,NA,NA,NA,NA,NA,NA,NA,NA,NA,NA,NA,0.105,NA,NA,0.059,1.63,NA,7.81,5.1,NA,NA,NA,6.36,0.5,11232,NA,2.25,2.31,0.0414,NA,NA,NA,NA,NA,NA,NA,NA,NA,NA,NA,0.8231707317073171,NA,2,26.6
Lake Middle,GTMLMNUT,2018-06-11T10:25:00Z,Lake,Lake,NA,NA,NA,27.4,NA,NA,NA,18.7,NA,21.4,NA,2.9,NA,2,NA,NA,NA,3.7,49.2,1.48,NA,NA,10,10,NA,NA,NA,NA,NA,NA,NA,NA,NA,NA,NA,NA,NA,0.095,NA,NA,0.011,1.59,NA,7.79,3.6,NA,NA,NA,4.74,0.5,8561,NA,1.69,1.7,0.0695,NA,NA,NA,NA,NA,NA,NA,NA,NA,NA,NA,0.9146341463414634,NA,2.3,28.4
Lake Middle,GTMLMNUT,2018-07-11T11:45:00Z,Lake,Lake,NA,NA,108,32,NA,NA,NA,19,NA,22,NA,NA,NA,NA,NA,NA,NA,5.2,71.2,1.7,NA,NA,10,10,NA,0.43,NA,NA,NA,NA,NA,NA,NA,NA,NA,NA,NA,0.25,NA,NA,0.078,NA,NA,7.6,2.8,NA,NA,NA,3.88,0.7,7131,NA,1.9,NA,0.064,NA,NA,NA,24,20,NA,NA,NA,NA,NA,22,0.8841463414634146,NA,0.6,30.6
Lake Middle,GTMLMNUT,2018-08-08T09:30:00Z,Lake,Lake,NA,NA,NA,29.2,NA,NA,NA,13.8,NA,16.1,NA,3.2,NA,3.2,NA,NA,NA,3.65,48.5,2.4,NA,NA,10,10,NA,NA,NA,NA,NA,NA,NA,NA,NA,NA,NA,NA,NA,0.169,NA,NA,0.029,1.58,NA,7.79,3.2,NA,NA,NA,2.43,0.4,4598,NA,0.95,0.97,0.1,NA,NA,NA,NA,NA,NA,NA,NA,NA,NA,NA,0.8231707317073171,NA,1.5,29.9
Lake Middle,GTMLMNUT,2018-09-06T10:15:00Z,Lake,Lake,0.002,0.008,104,28.4,3000,0.039,8e-4,19,NA,21,NA,NA,NA,NA,NA,2600,0.002,5.68,80,1.6,NA,NA,10,10,0.016,0.39,0.014,170,17000,280,8e-4,0.02,0.11,0.002,0.004,0.002,0.008,0.011,NA,NA,0.004,NA,NA,8.02,2.5,NA,0.004,0.002,2.63,0.5,4943,0.87,1.8,NA,0.11,NA,NA,0.004,53,29,NA,NA,NA,NA,NA,21,0.8231707317073171,NA,3.8,28.9
Lake Middle,GTMLMNUT,2018-10-22T11:06:00Z,Lake,Lake,NA,NA,NA,24.6,NA,NA,NA,57,NA,63,NA,20,NA,20,NA,NA,NA,7.42,84.3,2.03,NA,NA,10,10,NA,NA,NA,NA,NA,NA,NA,NA,NA,NA,NA,NA,NA,0.078,NA,NA,0.044,1.62,NA,8.01,20,NA,NA,NA,4.8,0.2,8575,NA,2.67,2.71,0.106,NA,NA,NA,NA,NA,NA,NA,NA,NA,NA,NA,0.9756097560975611,NA,4,20.3
Lake Middle,GTMLMNUT,2018-11-07T11:21:00Z,Lake,Lake,NA,NA,NA,25.2,NA,NA,NA,38.5,NA,46.6,NA,4,NA,4.5,NA,NA,NA,7.08,89.7,1.52,NA,NA,10,10,NA,NA,NA,NA,NA,NA,NA,NA,NA,NA,NA,NA,NA,0.053,NA,NA,0.037,1.55,NA,7.96,10.9,NA,NA,NA,5.26,0.35,9411,NA,1.55,1.59,0.0735,NA,NA,NA,NA,NA,NA,NA,NA,NA,NA,NA,0.8231707317073171,NA,1.9,25.7
Lake Middle,GTMLMNUT,2018-12-05T11:02:00Z,Lake,Lake,NA,NA,0.47,10.6,NA,NA,NA,24,NA,26,NA,NA,NA,NA,NA,NA,NA,8.24,87.8,0.055,NA,NA,NA,NA,NA,112,NA,NA,NA,NA,NA,NA,NA,NA,NA,NA,NA,8440,NA,NA,0.009,NA,NA,7.87,2.4,NA,NA,NA,9.08,0.4,15511,NA,660,NA,18,NA,NA,NA,1.3,14,NA,0.004,64,4500,1.5,23,1.09728,NA,4.2,16
Lake Middle,GTMLMNUT,2019-01-22T12:42:00Z,Lake,Lake,NA,NA,NA,17.27778,NA,NA,NA,NA,NA,NA,NA,NA,NA,NA,NA,NA,NA,10.2,97.7,NA,NA,NA,NA,NA,NA,NA,NA,NA,NA,NA,NA,NA,NA,NA,NA,NA,NA,NA,NA,NA,NA,NA,NA,8.66,NA,NA,NA,NA,5.12,0.3,9110,NA,NA,NA,NA,NA,NA,NA,NA,NA,NA,NA,NA,NA,NA,NA,1.12776,NA,1.38582,12.8
Lake Middle,GTMLMNUT,2019-02-04T12:00:00Z,Lake,Lake,0.002,0.008,105,14.7,NA,0.025,8e-4,NA,NA,NA,NA,NA,NA,NA,NA,NA,0.002,8.95,90.3,0.99,NA,NA,NA,NA,0.016,0.29,0.011,NA,NA,NA,0.002,0.02,0.056,0.002,0.004,0.002,0.008,0.014,NA,NA,0.03,NA,NA,7.96,NA,NA,0.004,0.002,3.24,0.4,5938,1.2,1.2,NA,0.058,NA,NA,0.004,36,NA,25,NA,NA,NA,NA,15,0.9144,NA,3.5,17.9
Lake Middle,GTMLMNUT,2019-03-04T11:01:00Z,Lake,Lake,NA,NA,NA,19.555555555555557,NA,NA,NA,NA,NA,NA,NA,NA,NA,NA,NA,NA,NA,7.49,86.7,NA,NA,NA,NA,NA,NA,NA,NA,NA,NA,NA,NA,NA,NA,NA,NA,NA,NA,NA,NA,NA,NA,NA,NA,7.9,NA,NA,NA,NA,4.79,0.5,8541,NA,NA,NA,NA,NA,NA,NA,NA,NA,NA,NA,NA,NA,NA,NA,0.9451219512195123,NA,2.7715690657130083,21.1
Lake Middle,GTMOLNUT,2017-07-20T10:05:00Z,Lake,Lake,NA,NA,NA,28.2,NA,NA,NA,36.7,NA,45.1,NA,5,NA,5,NA,NA,NA,0.63,NA,NA,NA,NA,42,700,NA,NA,NA,NA,NA,NA,NA,NA,NA,NA,NA,NA,NA,NA,NA,NA,0.01,1.53,NA,7.8,11.7,NA,NA,NA,9.57,0.42,16844,NA,2.53,2.54,0.186,NA,NA,NA,NA,NA,NA,NA,NA,NA,NA,NA,NA,NA,5.59225,30.5
Lake Middle,GTMOLNUT,2017-08-03T09:32:00Z,Lake,Lake,NA,NA,NA,31.33333333333334,NA,NA,NA,53.3,NA,59.2,NA,5,NA,6.3,NA,NA,NA,3.82,48.85,NA,NA,NA,60,360,NA,NA,NA,NA,NA,NA,NA,NA,NA,NA,NA,NA,NA,NA,NA,NA,0.014,1.62,NA,7.26,6.6,NA,NA,NA,12.19,0.286,20494,NA,2.83,2.84,0.125,NA,NA,NA,NA,NA,NA,NA,NA,NA,NA,NA,NA,NA,2.2369,28.1
Lake Middle,GTMOLNUT,2017-09-20T10:32:00Z,Lake,Lake,NA,NA,NA,29.277777777777782,NA,NA,NA,64,NA,74,NA,10,NA,10,NA,NA,NA,3.54,44.55,NA,NA,NA,72,200,NA,NA,NA,NA,NA,NA,NA,NA,NA,NA,NA,NA,NA,NA,NA,NA,0.01,1.59,NA,7.16,12,NA,NA,NA,0.91,0.31,1790,NA,2.3,2.31,0.175,NA,NA,NA,NA,NA,NA,NA,NA,NA,NA,NA,NA,NA,2.90797,27.2
Lake Middle,GTMOLNUT,2017-10-18T09:38:00Z,Lake,Lake,NA,NA,NA,24.5,NA,NA,NA,52,NA,71,NA,20,NA,20,NA,NA,NA,7.65,86.8,NA,NA,NA,61,8200,NA,NA,NA,NA,NA,NA,NA,NA,NA,NA,NA,NA,NA,NA,NA,NA,0.028,1.45,NA,7.78,28,NA,NA,NA,1.75,0.39,3332,NA,2.86,2.89,0.204,NA,NA,NA,NA,NA,NA,NA,NA,NA,NA,NA,NA,NA,5.8,21.5
Lake Middle,GTMOLNUT,2017-11-02T10:39:00Z,Lake,Lake,NA,NA,NA,22.6,NA,NA,NA,38.5,NA,46.9,NA,5.3,NA,5.3,NA,NA,NA,3.75,43.3,NA,NA,NA,10,20,NA,NA,NA,NA,NA,NA,NA,NA,NA,NA,NA,NA,NA,NA,NA,NA,0.01,1.54,NA,7.63,11.4,NA,NA,NA,4.81,0.234,8602,NA,1.49,1.49,0.104,NA,NA,NA,NA,NA,NA,NA,NA,NA,NA,NA,NA,NA,1.6,20.4
FDEP Lake 4,GTMGL4NUT,2018-07-11T11:10:00Z,Lake,Lake,NA,NA,103,30.1,NA,NA,NA,15,NA,16,NA,NA,NA,NA,NA,NA,NA,5.69,78.9,1.4,NA,NA,10,10,NA,0.59,NA,NA,NA,NA,NA,NA,NA,NA,NA,NA,NA,0.084,NA,NA,0.004,NA,NA,7.53,1.1,NA,NA,NA,7.65,0.8,13386,NA,1.6,NA,0.06,NA,NA,NA,18,12,NA,NA,NA,NA,NA,20,0.9146341463414634,NA,1.8,30.4
FDEP Lake 4,GTMGL4NUT,2018-08-08T09:09:00Z,Lake,Lake,NA,NA,NA,30,NA,NA,NA,25.8,NA,28.1,NA,3.4,NA,3.4,NA,NA,NA,5.13,70,1.89,NA,NA,10,10,NA,NA,NA,NA,NA,NA,NA,NA,NA,NA,NA,NA,NA,0.094,NA,NA,0.05,1.64,NA,7.88,3.4,NA,NA,NA,7.24,0.45,12737,NA,2.22,2.25,0.0672,NA,NA,NA,NA,NA,NA,NA,NA,NA,NA,NA,0.8536585365853658,NA,0.8,30.3
FDEP Lake 4,GTMGL4NUT,2018-09-06T09:48:00Z,Lake,Lake,0.002,0.008,110,28.3,3000,0.02,8e-4,43,NA,49,NA,NA,NA,NA,NA,2600,0.002,5.72,78,1.6,NA,NA,10,10,0.016,0.57,0.0066,170,17000,280,8e-4,0.02,0.025,0.002,0.004,0.002,0.008,0.034,NA,NA,0.004,NA,NA,8.05,7.7,NA,0.004,0.002,7.43,0.3,12999,0.51,1.8,NA,0.096,NA,NA,0.004,77,37,NA,NA,NA,NA,NA,19,1.0365853658536586,NA,3.5,29.2
FDEP Lake 4,GTMGL4NUT,2018-10-22T10:45:00Z,Lake,Lake,NA,NA,NA,24.3,NA,NA,NA,54.5,NA,59.6,NA,5.2,NA,5,NA,NA,NA,6.61,78,1.39,NA,NA,10,10,NA,NA,NA,NA,NA,NA,NA,NA,NA,NA,NA,NA,NA,0.062,NA,NA,0.01,1.63,NA,8.03,5.7,NA,NA,NA,7.01,0.2,12215,NA,2.47,2.47,0.0886,NA,NA,NA,NA,NA,NA,NA,NA,NA,NA,NA,0.9756097560975611,NA,3,21.3
FDEP Lake 4,GTMGL4NUT,2018-11-07T11:00:00Z,Lake,Lake,NA,NA,NA,25.7,NA,NA,NA,17.4,NA,21.5,NA,2,NA,2,NA,NA,NA,7.86,99.4,2.04,NA,NA,10,10,NA,NA,NA,NA,NA,NA,NA,NA,NA,NA,NA,NA,NA,0.048,NA,NA,0.008,1.53,NA,8.16,5.6,NA,NA,NA,6.42,0.6,11.03,NA,2.23,2.23,0.0432,NA,NA,NA,NA,NA,NA,NA,NA,NA,NA,NA,0.9756097560975611,NA,1.4,24.9
FDEP Lake 4,GTMGL4NUT,2018-12-05T10:36:00Z,Lake,Lake,NA,NA,0.009,9.8,NA,NA,NA,22,NA,23,NA,NA,NA,NA,NA,NA,NA,8.04,90.3,0.047,NA,NA,10,10,NA,0.67,NA,NA,NA,NA,NA,NA,NA,NA,NA,NA,NA,25,NA,NA,13500,NA,NA,7.97,1.7,NA,NA,NA,14.49,0.4,23834,NA,0.004,NA,1.2,NA,NA,NA,1.5,16,NA,7700,30,1100,117,15,1.12776,NA,6,16.8
FDEP Lake 4,GTMGL4NUT,2018-12-05T11:02:00Z,Lake,Lake,NA,NA,NA,NA,NA,NA,NA,NA,NA,NA,NA,NA,NA,NA,NA,NA,NA,NA,NA,NA,NA,NA,10,10,NA,NA,NA,NA,NA,NA,NA,NA,NA,NA,NA,NA,NA,NA,NA,NA,NA,NA,NA,NA,NA,NA,NA,NA,NA,NA,NA,NA,NA,NA,NA,NA,NA,NA,NA,NA,NA,NA,NA,NA,NA,NA,NA,NA,NA,NA
FDEP Lake 4,GTMGL4NUT,2019-01-22T12:20:00Z,Lake,Lake,NA,NA,NA,16.88889,NA,NA,NA,NA,NA,NA,NA,NA,NA,NA,NA,NA,NA,9.81,79.7,NA,NA,NA,NA,NA,NA,NA,NA,NA,NA,NA,NA,NA,NA,NA,NA,NA,NA,NA,NA,NA,NA,NA,NA,8.7,NA,NA,NA,NA,7.12,0.5,12371,NA,NA,NA,NA,NA,NA,NA,NA,NA,NA,NA,NA,NA,NA,NA,1.15824,NA,1.96698,13.5
FDEP Lake 4,GTMGL4NUT,2019-02-04T11:39:00Z,Lake,Lake,0.002,0.008,102,14.3,NA,0.016,8e-4,NA,NA,NA,NA,NA,NA,NA,NA,NA,0.002,9.3,96.4,0.71,NA,NA,NA,NA,0.016,0.41,0.0057,NA,NA,NA,0.002,0.02,0.049,0.002,0.004,0.002,0.008,0.007,NA,NA,0.004,NA,NA,7.96,NA,NA,0.004,0.002,7.71,0.6,13308,0.69,0.87,NA,0.043,NA,NA,0.004,14,NA,11,NA,NA,NA,NA,13,0.9144,NA,3.1,14.7
FDEP Lake 4,GTMGL4NUT,2019-03-04T10:44:00Z,Lake,Lake,NA,NA,NA,21.222222222222225,NA,NA,NA,NA,NA,NA,NA,NA,NA,NA,NA,NA,NA,6.84,82,NA,NA,NA,NA,NA,NA,NA,NA,NA,NA,NA,NA,NA,NA,NA,NA,NA,NA,NA,NA,NA,NA,NA,NA,7.79,NA,NA,NA,NA,9.48,0.68,16149,NA,NA,NA,NA,NA,NA,NA,NA,NA,NA,NA,NA,NA,NA,NA,0.9756097560975611,NA,1.430487259722843,21.1
Lake South,GTMDNNUT,2017-07-20T08:42:00Z,Excluded,Lake,NA,NA,NA,27.7,NA,NA,NA,15.3,NA,17.5,NA,5.4,NA,2.4,NA,NA,NA,0.07,NA,NA,NA,NA,38,8,NA,NA,NA,NA,NA,NA,NA,NA,NA,NA,NA,NA,NA,NA,NA,NA,0.015,1.57,NA,7.33,3.5,NA,NA,NA,28.35,0.44,44173,NA,1.24,1.26,0.0652,NA,NA,NA,NA,NA,NA,NA,NA,NA,NA,NA,NA,NA,NA,30.6
Lake South,GTMDNNUT,2017-08-03T10:16:00Z,Excluded,Lake,NA,NA,NA,30.388888888888893,NA,NA,NA,13.9,NA,15.4,NA,5,NA,5,NA,NA,NA,4.73,61.05,NA,NA,NA,16,15,NA,NA,NA,NA,NA,NA,NA,NA,NA,NA,NA,NA,NA,NA,NA,NA,0.021,1.62,NA,7.51,5,NA,NA,NA,24.69,0.651,38956,NA,1.47,1.49,0.0486,NA,NA,NA,NA,NA,NA,NA,NA,NA,NA,NA,NA,NA,1.11845,28.7
Lake South,GTMLSNUT,2017-09-20T09:47:00Z,Excluded,Lake,NA,NA,NA,27.666666666666668,NA,NA,NA,27.9,NA,34.2,NA,5,NA,5,NA,NA,NA,5.36,67.46,NA,NA,NA,5,27,NA,NA,NA,NA,NA,NA,NA,NA,NA,NA,NA,NA,NA,NA,NA,NA,0.01,1.53,NA,7.04,8.8,NA,NA,NA,13.02,0.332,21224,NA,1.47,1.47,0.0933,NA,NA,NA,NA,NA,NA,NA,NA,NA,NA,NA,NA,NA,4.9211800000000006,27.2
Lake South,GTMLSNUT,2017-10-18T11:33:00Z,Excluded,Lake,NA,NA,NA,30,NA,NA,NA,20,NA,22,NA,10,NA,10,NA,NA,NA,6.67,85.9,NA,NA,NA,10,100,NA,NA,NA,NA,NA,NA,NA,NA,NA,NA,NA,NA,NA,NA,NA,NA,0.018,1.64,NA,7.62,10,NA,NA,NA,17.44,0.5,26872,NA,1.71,1.73,0.0902,NA,NA,NA,NA,NA,NA,NA,NA,NA,NA,NA,NA,NA,13.86878,23.7
Lake South,GTMLSNUT,2017-11-02T11:14:00Z,Excluded,Lake,NA,NA,NA,25.555555555555557,NA,NA,NA,20.7,NA,23.6,NA,5,NA,5,NA,NA,NA,8.98,97.71,NA,NA,NA,10,4,NA,NA,NA,NA,NA,NA,NA,NA,NA,NA,NA,NA,NA,NA,NA,NA,0.01,1.6,NA,7.94,5,NA,NA,NA,6.91,0.282,12043,NA,1.41,1.41,0.0824,NA,NA,NA,NA,NA,NA,NA,NA,NA,NA,NA,NA,NA,8.9476,20
Lake South,GTMLSNUT,2017-12-13T13:26:00Z,Excluded,Lake,NA,NA,NA,18.000000000000004,NA,NA,NA,21.9,NA,24.4,NA,3.8,NA,3.8,NA,NA,NA,12,110.84,0.71,NA,NA,10,2,NA,NA,NA,NA,NA,NA,NA,NA,NA,NA,NA,NA,NA,0.005,NA,NA,0.01,1.62,NA,7.61,3.8,NA,NA,NA,9.6,NA,16327,NA,1.23,1.24,0.0519,NA,NA,NA,NA,NA,NA,NA,NA,NA,NA,NA,NA,NA,12.97402,12.2
Lake South,GTMLSNUT,2018-01-17T11:29:00Z,Excluded,Lake,NA,NA,NA,17.77777777777778,NA,NA,NA,12.6,NA,12.5,NA,2.3,NA,2.3,NA,NA,NA,9.39,91,0.7,NA,NA,10,22,NA,NA,NA,NA,NA,NA,NA,NA,NA,NA,NA,NA,NA,0.014,NA,NA,0.018,1.76,NA,8.05,2.3,NA,NA,NA,8.85,0.5,15162,NA,1.58,1.59,0.0469,NA,NA,NA,NA,NA,NA,NA,NA,NA,NA,NA,NA,NA,8.05284,11.3
Lake South,GTMLSNUT,2018-02-14T09:51:00Z,Excluded,Lake,NA,NA,NA,14.722222222222223,NA,NA,NA,14.8,NA,17,NA,6.7,NA,6.7,NA,NA,NA,8.08,86,1.2,NA,NA,10,38,NA,NA,NA,NA,NA,NA,NA,NA,NA,NA,NA,NA,NA,0.045,NA,NA,0.012,1.59,NA,7.25,6.7,NA,NA,NA,8.99,0.3,15375,NA,1.48,1.49,0.0784,NA,NA,NA,NA,NA,NA,NA,NA,NA,NA,NA,0.9451219512195123,NA,16.77675,16.6
Lake South,GTMLSNUT,2018-03-28T09:16:00Z,Excluded,Lake,NA,NA,NA,19.4,NA,NA,NA,11,NA,13.2,NA,2.9,NA,2.9,NA,NA,NA,5.81,71.1,1.21,NA,NA,10,18,NA,NA,NA,NA,NA,NA,NA,NA,NA,NA,NA,NA,NA,0.287,NA,NA,0.044,1.55,NA,7.61,3.1,NA,NA,NA,12.32,0.332,20609,NA,1.66,1.7,0.0616,NA,NA,NA,NA,NA,NA,NA,NA,NA,NA,NA,0.3,NA,0.17,18.8
Lake South,GTMLSNUT,2018-04-24T08:44:00Z,Excluded,Lake,NA,NA,NA,19.9,NA,NA,NA,13.8,NA,15.5,NA,2,NA,2.5,NA,NA,NA,6.31,76.1,1.87,NA,NA,31,20,NA,NA,NA,NA,NA,NA,NA,NA,NA,NA,NA,NA,NA,0.284,NA,NA,0.041,1.61,NA,7.27,2,NA,NA,NA,10,0.6,16966,NA,1.24,1.28,0.0577,NA,NA,NA,NA,NA,NA,NA,NA,NA,NA,NA,0.8841463414634146,NA,3.7,21.8
Lake South,GTMLSNUT,2018-05-30T12:26:00Z,Excluded,Lake,NA,NA,NA,27.5,NA,NA,NA,26.2,NA,28.6,NA,3.4,NA,4.4,NA,NA,NA,4.25,57.5,1.39,NA,NA,31,120,NA,NA,NA,NA,NA,NA,NA,NA,NA,NA,NA,NA,NA,0.464,NA,NA,0.021,1.64,NA,7.67,3.4,NA,NA,NA,9.89,0.6,16894,NA,1.78,1.8,0.0413,NA,NA,NA,NA,NA,NA,NA,NA,NA,NA,NA,0.6402439024390244,NA,0.7,27.2
Lake South,GTMLSNUT,2018-06-11T09:57:00Z,Excluded,Lake,NA,NA,NA,27.2,NA,NA,NA,6.2,NA,7.2,NA,2,NA,2,NA,NA,NA,2,27.5,1.52,NA,NA,10,10,NA,NA,NA,NA,NA,NA,NA,NA,NA,NA,NA,NA,NA,0.343,NA,NA,0.015,1.58,NA,7.55,2,NA,NA,NA,9.19,0.9,15803,NA,1.56,1.57,0.055,NA,NA,NA,NA,NA,NA,NA,NA,NA,NA,NA,0.7621951219512195,NA,1.8,28.2
Lake South,GTMLSNUT,2018-07-11T10:55:00Z,Excluded,Lake,NA,NA,NA,29.5,NA,NA,NA,15.3,NA,17.5,NA,2,NA,2.8,NA,NA,NA,6.6,91.6,1.34,NA,NA,10,10,NA,NA,NA,NA,NA,NA,NA,NA,NA,NA,NA,NA,NA,0.079,NA,NA,0.05,1.59,NA,7.63,2.7,NA,NA,NA,8.93,0.9,15431,NA,1.97,1.97,0.0473,NA,NA,NA,NA,NA,NA,NA,NA,NA,NA,NA,0.9146341463414634,NA,2,29.9
Lake South,GTMLSNUT,2018-08-08T08:54:00Z,Excluded,Lake,NA,NA,NA,28.5,NA,NA,NA,14.4,NA,18.8,NA,5,NA,5,NA,NA,NA,3.26,46,1.92,NA,NA,10,10,NA,NA,NA,NA,NA,NA,NA,NA,NA,NA,NA,NA,NA,0.183,NA,NA,0.05,1.48,NA,7.85,6.5,NA,NA,NA,11.49,0.25,19452,NA,1.4,1.41,0.0905,NA,NA,NA,NA,NA,NA,NA,NA,NA,NA,NA,0.8536585365853658,NA,1.2,30.1
Lake South,GTMLSNUT,2018-09-06T09:28:00Z,Excluded,Lake,NA,NA,NA,28.8,NA,NA,NA,28.7,NA,39.7,NA,8.4,NA,8.4,NA,NA,NA,4.68,61.5,1.51,NA,NA,41,10,NA,NA,NA,NA,NA,NA,NA,NA,NA,NA,NA,NA,NA,0.108,NA,NA,0.05,1.44,NA,7.89,16.9,NA,NA,NA,8.63,0.2,14936,NA,2.28,2.3,0.105,NA,NA,NA,NA,NA,NA,NA,NA,NA,NA,NA,0.8536585365853658,NA,3,29.2
Lake South,GTMLSNUT,2018-10-22T10:19:00Z,Excluded,Lake,NA,NA,NA,24.6,NA,NA,NA,46,NA,54,NA,10,NA,10,NA,NA,NA,6.13,70.7,1.9,NA,NA,63,100,NA,NA,NA,NA,NA,NA,NA,NA,NA,NA,NA,NA,NA,0.052,NA,NA,0.01,1.57,NA,8.05,10,NA,NA,NA,7.29,0.25,12675,NA,2.31,2.31,0.105,NA,NA,NA,NA,NA,NA,NA,NA,NA,NA,NA,0.8231707317073171,NA,1.9,21.7
Lake South,GTMLSNUT,2018-11-07T10:41:00Z,Excluded,Lake,NA,NA,NA,25.5,NA,NA,NA,12.9,NA,16.1,NA,1.7,NA,1.7,NA,NA,NA,8.41,105.8,1.9,NA,NA,10,20,NA,NA,NA,NA,NA,NA,NA,NA,NA,NA,NA,NA,NA,0.047,NA,NA,0.008,1.52,NA,8.12,4.6,NA,NA,NA,7.34,0.65,12796,NA,1.46,1.46,0.047,NA,NA,NA,NA,NA,NA,NA,NA,NA,NA,NA,0.8231707317073171,NA,0.5,24.1
Lake South,GTMLSNUT,2018-12-05T10:17:00Z,Excluded,Lake,NA,NA,NA,9.8,NA,NA,NA,NA,NA,NA,NA,NA,NA,NA,NA,NA,NA,8.15,88.9,NA,NA,NA,NA,NA,NA,NA,NA,NA,NA,NA,NA,NA,NA,NA,NA,NA,NA,NA,NA,NA,NA,NA,NA,7.9,NA,NA,NA,NA,13.93,0.3,22975,NA,NA,NA,NA,NA,NA,NA,NA,NA,NA,NA,NA,NA,NA,NA,1.03632,NA,5,15.2
Lake South,GTMLSNUT,2019-01-22T12:02:00Z,Excluded,Lake,NA,NA,NA,17.5,NA,NA,NA,NA,NA,NA,NA,NA,NA,NA,NA,NA,NA,8.79,90.9,NA,NA,NA,NA,NA,NA,NA,NA,NA,NA,NA,NA,NA,NA,NA,NA,NA,NA,NA,NA,NA,NA,NA,NA,8.24,NA,NA,NA,NA,14.57,0.8,24683,NA,NA,NA,NA,NA,NA,NA,NA,NA,NA,NA,NA,NA,NA,NA,2.9,NA,1.60934,13.3
Lake South,GTMLSNUT,2019-02-04T11:22:00Z,Excluded,Lake,NA,NA,NA,15.5,NA,NA,NA,NA,NA,NA,NA,NA,NA,NA,NA,NA,NA,8.97,93,NA,NA,NA,NA,NA,NA,NA,NA,NA,NA,NA,NA,NA,NA,NA,NA,NA,NA,NA,NA,NA,NA,NA,NA,7.83,NA,NA,NA,NA,8.58,0.7,14692,NA,NA,NA,NA,NA,NA,NA,NA,NA,NA,NA,NA,NA,NA,NA,0.82296,NA,1.6,14.8
Lake South,GTMLSNUT,2019-03-04T10:26:00Z,Excluded,Lake,NA,NA,NA,NA,NA,NA,NA,NA,NA,NA,NA,NA,NA,NA,NA,NA,NA,6.09,73.6,NA,NA,NA,NA,NA,NA,NA,NA,NA,NA,NA,NA,NA,NA,NA,NA,NA,NA,NA,NA,NA,NA,NA,NA,7.52,NA,NA,NA,NA,12.69,0.7,2118,NA,NA,NA,NA,NA,NA,NA,NA,NA,NA,NA,NA,NA,NA,NA,2.7,NA,NA,21.3
River North,GTMDSNUT,2017-07-20T08:35:00Z,Excluded,River,NA,NA,NA,27.7,NA,NA,NA,9.6,NA,13.2,NA,2,NA,2,NA,NA,NA,0.09,NA,NA,NA,NA,76,10,NA,NA,NA,NA,NA,NA,NA,NA,NA,NA,NA,NA,NA,NA,NA,NA,0.02,1.45,NA,7.19,5.4,NA,NA,NA,29.75,0.44,46135,NA,1.06,1.08,0.0816,NA,NA,NA,NA,NA,NA,NA,NA,NA,NA,NA,NA,NA,NA,30.2
River North,GTMDSNUT,2017-08-03T10:31:00Z,Excluded,River,NA,NA,NA,NA,NA,NA,NA,11.6,NA,14.4,NA,3.4,NA,3.4,NA,NA,NA,7.3,94.2,NA,NA,NA,38,21,NA,NA,NA,NA,NA,NA,NA,NA,NA,NA,NA,NA,NA,NA,NA,NA,0.026,1.52,NA,7.61,3.9,NA,NA,NA,24.71,0.621,38986,NA,1.45,1.48,0.0494,NA,NA,NA,NA,NA,NA,NA,NA,NA,NA,NA,NA,NA,14.53985,28.7
River North,GTMRNNUT,2017-09-20T12:09:00Z,Excluded,River,NA,NA,NA,34.611111111111114,NA,NA,NA,10,NA,10,NA,10,NA,10,NA,NA,NA,4.13,55.2,NA,NA,NA,5,31,NA,NA,NA,NA,NA,NA,NA,NA,NA,NA,NA,NA,NA,NA,NA,NA,0.035,1.64,NA,7.54,10,NA,NA,NA,14.18,0.42,23592,NA,0.92,0.95,0.083,NA,NA,NA,NA,NA,NA,NA,NA,NA,NA,NA,NA,NA,12.75033,30.5
River North,GTMRNNUT,2017-10-18T11:18:00Z,Excluded,River,NA,NA,NA,29.444444444444446,NA,NA,NA,7.7,NA,8.9,NA,4,NA,4,NA,NA,NA,6.4,86.5,NA,NA,NA,30,200,NA,NA,NA,NA,NA,NA,NA,NA,NA,NA,NA,NA,NA,NA,NA,NA,0.038,1.6,NA,7.12,4,NA,NA,NA,19.13,0.5,30657,NA,1.44,1.48,0.0676,NA,NA,NA,NA,NA,NA,NA,NA,NA,NA,NA,NA,NA,23.48745,24
River North,GTMRNNUT,2017-11-02T11:40:00Z,Excluded,River,NA,NA,NA,27.222222222222225,NA,NA,NA,13.5,NA,16.2,NA,3.5,NA,3.5,NA,NA,NA,5.51,61.06,NA,NA,NA,10,84,NA,NA,NA,NA,NA,NA,NA,NA,NA,NA,NA,NA,NA,NA,NA,NA,0.044,1.55,NA,7.54,3.5,NA,NA,NA,13.4,0.43,2213,NA,0.97,1.01,0.11,NA,NA,NA,NA,NA,NA,NA,NA,NA,NA,NA,NA,NA,12.97402,20.9
River North,GTMRNNUT,2017-12-13T12:52:00Z,Excluded,River,NA,NA,NA,19.22222222222222,NA,NA,NA,16.6,NA,18.5,NA,4,NA,4,NA,NA,NA,11.58,107.42,0.69,NA,NA,10,6,NA,NA,NA,NA,NA,NA,NA,NA,NA,NA,NA,NA,NA,0.014,NA,NA,0.01,1.62,NA,7.33,4,NA,NA,NA,10.06,0.382,17071,NA,1.08,1.09,0.0643,NA,NA,NA,NA,NA,NA,NA,NA,NA,NA,NA,NA,NA,2.6842799999999998,12.4
River North,GTMRNNUT,2018-01-17T10:51:00Z,Excluded,River,NA,NA,NA,15.055555555555557,NA,NA,NA,4.2,NA,4.3,NA,2,NA,2,NA,NA,NA,7.01,74.9,0.47,NA,NA,20,14,NA,NA,NA,NA,NA,NA,NA,NA,NA,NA,NA,NA,NA,0.044,NA,NA,0.049,1.71,NA,7.1,2,NA,NA,NA,23.32,1.2,36902,NA,0.56,0.58,0.0527,NA,NA,NA,NA,NA,NA,NA,NA,NA,NA,NA,NA,NA,13.421399999999998,11.7
River North,GTMRNNUT,2018-02-14T09:21:00Z,Excluded,River,NA,NA,NA,15.333333333333334,NA,NA,NA,8.4,NA,9.8,NA,2,NA,2,NA,NA,NA,7.18,83.9,1.05,NA,NA,85,42,NA,NA,NA,NA,NA,NA,NA,NA,NA,NA,NA,NA,NA,0.103,NA,NA,0.037,1.58,NA,6.93,2,NA,NA,NA,19.54,0.8,31330,NA,0.78,0.81,0.0617,NA,NA,NA,NA,NA,NA,NA,NA,NA,NA,NA,NA,NA,18.56627,16.9
River North,GTMRNNUT,2018-03-28T08:50:00Z,Excluded,River,NA,NA,NA,19.4,NA,NA,NA,5.2,NA,6.8,NA,2,NA,2,NA,NA,NA,5.56,72.9,0.7,NA,NA,10,2,NA,NA,NA,NA,NA,NA,NA,NA,NA,NA,NA,NA,NA,0.07,NA,NA,0.053,1.48,NA,7.22,2.5,NA,NA,NA,28.76,0.7,44437,NA,0.84,0.89,0.0558,NA,NA,NA,NA,NA,NA,NA,NA,NA,NA,NA,1.5548780487804879,NA,0.5,20.4
River North,GTMRNNUT,2018-04-24T08:03:00Z,Excluded,River,NA,NA,NA,19.5,NA,NA,NA,7.6,NA,9.4,NA,2,NA,2,NA,NA,NA,4.81,64.4,0.57,NA,NA,73,50,NA,NA,NA,NA,NA,NA,NA,NA,NA,NA,NA,NA,NA,0.143,NA,NA,0.04,1.53,NA,6.87,2.5,NA,NA,NA,25.21,0.8,39521,NA,0.55,0.59,0.0592,NA,NA,NA,NA,NA,NA,NA,NA,NA,NA,NA,1.0670731707317074,NA,2,22
River North,GTMRNNUT,2018-05-30T11:28:00Z,Excluded,River,NA,NA,NA,26.8,NA,NA,NA,58.5,NA,62.7,NA,3.4,NA,9.8,NA,NA,NA,5.51,82.2,0.5,NA,NA,10,20,NA,NA,NA,NA,NA,NA,NA,NA,NA,NA,NA,NA,NA,0.029,NA,NA,0.045,1.66,NA,7.73,3.4,NA,NA,NA,30.76,0.8,47367,NA,1.22,1.27,0.0839,NA,NA,NA,NA,NA,NA,NA,NA,NA,NA,NA,1.2195121951219512,NA,2.1,27
River North,GTMRNNUT,2018-06-11T09:30:00Z,Excluded,River,NA,NA,NA,26.7,NA,NA,NA,17.9,NA,21.1,NA,2,NA,3.4,NA,NA,NA,2.59,38,1.04,NA,NA,10,20,NA,NA,NA,NA,NA,NA,NA,NA,NA,NA,NA,NA,NA,0.168,NA,NA,0.036,1.57,NA,7.43,4.2,NA,NA,NA,24.34,0.5,38399,NA,1.03,1.06,0.151,NA,NA,NA,NA,NA,NA,NA,NA,NA,NA,NA,1.0975609756097562,NA,2,27.3
River North,GTMRNNUT,2018-07-11T10:20:00Z,Excluded,River,NA,NA,NA,29.4,NA,NA,NA,16.1,NA,18.4,NA,2,NA,3.3,NA,NA,NA,3.4,49.7,0.89,NA,NA,20,10,NA,NA,NA,NA,NA,NA,NA,NA,NA,NA,NA,NA,NA,0.08,NA,NA,0.057,1.59,NA,7.12,2.9,NA,NA,NA,19.55,1.1,31506,NA,1.16,1.19,0.0944,NA,NA,NA,NA,NA,NA,NA,NA,NA,NA,NA,1.0060975609756098,NA,2.1,29.6
River North,GTMRNNUT,2018-08-08T08:29:00Z,Excluded,River,NA,NA,NA,28.9,NA,NA,NA,12,NA,14.9,NA,1.9,NA,2.4,NA,NA,NA,3.35,47.8,1.71,NA,NA,10,80,NA,NA,NA,NA,NA,NA,NA,NA,NA,NA,NA,NA,NA,0.081,NA,NA,0.05,1.52,NA,7.49,4.1,NA,NA,NA,15.97,0.6,26065,NA,1.41,1.43,0.0878,NA,NA,NA,NA,NA,NA,NA,NA,NA,NA,NA,0.9451219512195123,NA,0.8,29.5
River North,GTMRNNUT,2018-09-06T08:51:00Z,Excluded,River,NA,NA,NA,29.1,NA,NA,NA,26,NA,30.9,NA,2.3,NA,5,NA,NA,NA,2.73,39.6,1.09,NA,NA,10,30,NA,NA,NA,NA,NA,NA,NA,NA,NA,NA,NA,NA,NA,0.161,NA,NA,0.051,1.56,NA,7.26,6.5,NA,NA,NA,21.05,0.5,33773,NA,1.37,1.42,0.145,NA,NA,NA,NA,NA,NA,NA,NA,NA,NA,NA,1.1890243902439024,NA,1,28.5
River North,GTMRNNUT,2018-10-22T09:46:00Z,Excluded,River,NA,NA,NA,24.2,NA,NA,NA,10.7,NA,12.4,NA,2,NA,2,NA,NA,NA,5,67.5,0.99,NA,NA,10,40,NA,NA,NA,NA,NA,NA,NA,NA,NA,NA,NA,NA,NA,0.104,NA,NA,0.014,1.58,NA,7.59,2.1,NA,NA,NA,30.84,1,47383,NA,0.8,0.81,0.1,NA,NA,NA,NA,NA,NA,NA,NA,NA,NA,NA,1.3719512195121952,NA,4,21.8
River North,GTMRNNUT,2018-11-07T10:15:00Z,Excluded,River,NA,NA,NA,29.1,NA,NA,NA,6.3,NA,8.7,NA,2,NA,2,NA,NA,NA,3.8,53.8,1,NA,NA,10,10,NA,NA,NA,NA,NA,NA,NA,NA,NA,NA,NA,NA,NA,0.167,NA,NA,0.014,1.45,NA,7.25,3.5,NA,NA,NA,28.19,1.1,43616,NA,0.73,0.74,0.0712,NA,NA,NA,NA,NA,NA,NA,NA,NA,NA,NA,1.829268292682927,NA,0.4,25
River North,GTMRNNUT,2018-12-05T09:43:00Z,Excluded,River,NA,NA,NA,9.5,NA,NA,NA,NA,NA,NA,NA,NA,NA,NA,NA,NA,NA,6.53,77.4,NA,NA,NA,NA,NA,NA,NA,NA,NA,NA,NA,NA,NA,NA,NA,NA,NA,NA,NA,NA,NA,NA,NA,NA,7.65,NA,NA,NA,NA,22.55,0.6,36014,NA,NA,NA,NA,NA,NA,NA,NA,NA,NA,NA,NA,NA,NA,NA,1.43256,NA,5,17
River North,GTMRNNUT,2019-01-22T11:30:00Z,Excluded,River,NA,NA,NA,13.05556,NA,NA,NA,NA,NA,NA,NA,NA,NA,NA,NA,NA,NA,8.2,89.7,NA,NA,NA,NA,NA,NA,NA,NA,NA,NA,NA,NA,NA,NA,NA,NA,NA,NA,NA,NA,NA,NA,NA,NA,7.87,NA,NA,NA,NA,21.57,1,34316,NA,NA,NA,NA,NA,NA,NA,NA,NA,NA,NA,NA,NA,NA,NA,1.8288,NA,1.61,13.5
River North,GTMRNNUT,2019-02-04T10:49:00Z,Excluded,River,NA,NA,NA,14.3,NA,NA,NA,NA,NA,NA,NA,NA,NA,NA,NA,NA,NA,7.04,78.4,NA,NA,NA,NA,NA,NA,NA,NA,NA,NA,NA,NA,NA,NA,NA,NA,NA,NA,NA,NA,NA,NA,NA,NA,7.54,NA,NA,NA,NA,20.72,1,33064,NA,NA,NA,NA,NA,NA,NA,NA,NA,NA,NA,NA,NA,NA,NA,1.70688,NA,1.6,14.4
River North,GTMRNNUT,2019-03-04T10:00:00Z,Excluded,River,NA,NA,NA,21.27778,NA,NA,NA,NA,NA,NA,NA,NA,NA,NA,NA,NA,NA,5.77,72.3,NA,NA,NA,NA,NA,NA,NA,NA,NA,NA,NA,NA,NA,NA,NA,NA,NA,NA,NA,NA,NA,NA,NA,NA,7.36,NA,NA,NA,NA,19.8,0.6,31125,NA,NA,NA,NA,NA,NA,NA,NA,NA,NA,NA,NA,NA,NA,NA,1.66667,NA,2.2352,20
FDEP River 1,GTMGR1NUT,2018-07-11T09:59:00Z,River,River,NA,NA,116,28.8,NA,NA,NA,12,NA,14,NA,NA,NA,NA,NA,NA,NA,3.59,52.8,0.73,NA,NA,10,10,NA,0.91,NA,NA,NA,NA,NA,NA,NA,NA,NA,NA,NA,0.052,NA,NA,0.008,NA,NA,7.12,2.9,NA,NA,NA,21,1,33680,NA,1,NA,0.1,NA,NA,NA,10,6.8,NA,NA,NA,NA,NA,12,1.4329268292682928,NA,4.7,29.5
FDEP River 1,GTMGR1NUT,2018-08-08T08:21:00Z,River,River,NA,NA,NA,28.5,NA,NA,NA,12.7,NA,15.7,NA,2,NA,2.5,NA,NA,NA,3.86,55.5,1.3,NA,NA,10,30,NA,NA,NA,NA,NA,NA,NA,NA,NA,NA,NA,NA,NA,0.051,NA,NA,0.05,1.52,NA,7.56,4.3,NA,NA,NA,15.99,0.6,26811,NA,1.1,1.1,0.0788,NA,NA,NA,NA,NA,NA,NA,NA,NA,NA,NA,1.2804878048780488,NA,2.4,29.6
FDEP River 1,GTMGR1NUT,2018-09-06T08:34:00Z,River,River,0.0039,0.008,117,28.2,1500,0.014,8e-4,5.7,NA,7.9,NA,NA,NA,NA,NA,1300,0.0022,4.17,61.4,0.72,NA,NA,10,10,0.016,0.9,0.012,170,8400,140,8e-4,0.02,0.042,0.0055,0.004,0.002,0.008,0.11,NA,NA,0.014,NA,NA,7.41,3.4,NA,0.004,0.002,21.83,0.6,34872,0.26,0.83,NA,0.085,NA,NA,0.004,12,8.4,NA,NA,NA,NA,NA,9.5,1.4939024390243905,NA,3,29.2
FDEP River 1,GTMGR1NUT,2018-10-22T09:37:00Z,River,River,NA,NA,NA,24.1,NA,NA,NA,4.4,NA,5.7,NA,2,NA,2,NA,NA,NA,4.93,69.1,1.26,NA,NA,10,10,NA,NA,NA,NA,NA,NA,NA,NA,NA,NA,NA,NA,NA,0.125,NA,NA,0.02,1.48,NA,7.51,2,NA,NA,NA,30.96,1.1,47515,NA,0.78,0.8,0.15,NA,NA,NA,NA,NA,NA,NA,NA,NA,NA,NA,1.7073170731707317,NA,4.1,22.6
FDEP River 1,GTMGR1NUT,2018-11-07T10:05:00Z,River,River,NA,NA,NA,28.3,NA,NA,NA,NA,NA,NA,NA,NA,NA,NA,NA,NA,NA,3.72,52.7,NA,NA,NA,NA,NA,NA,NA,NA,NA,NA,NA,NA,NA,NA,NA,NA,NA,NA,NA,NA,NA,NA,NA,NA,7.33,NA,NA,NA,NA,28.92,1.1,44843,NA,NA,NA,NA,NA,NA,NA,NA,NA,NA,NA,NA,NA,NA,NA,2.073170731707317,NA,0.4,24.9
FDEP River 1,GTMGR1NUT,2018-11-07T11:05:00Z,River,River,NA,NA,NA,NA,NA,NA,NA,6,NA,7.8,NA,1.5,NA,1.5,NA,NA,NA,NA,NA,1.14,NA,NA,10,50,NA,NA,NA,NA,NA,NA,NA,NA,NA,NA,NA,NA,NA,0.159,NA,NA,0.013,1.48,NA,NA,2.7,NA,NA,NA,NA,NA,NA,NA,0.66,0.67,0.0698,NA,NA,NA,NA,NA,NA,NA,NA,NA,NA,NA,NA,NA,NA,NA
FDEP River 1,GTMGR1NUT,2018-12-05T09:27:00Z,River,River,NA,NA,0.055,10,NA,NA,NA,5.1,NA,1.3,NA,NA,NA,NA,NA,NA,NA,6.21,74.1,4.1,NA,NA,30,10,NA,0.93,NA,NA,NA,NA,NA,NA,NA,NA,NA,NA,NA,9,NA,NA,22900,NA,NA,7.56,0.009,NA,NA,NA,24.72,0.9,38915,NA,0.052,NA,0.65,NA,NA,NA,0.79,6.2,NA,13000,22,1900,114,8.8,1.73736,NA,4.8,16.7
FDEP River 1,GTMGR1NUT,2019-01-22T11:18:00Z,River,River,NA,NA,NA,12.66667,NA,NA,NA,NA,NA,NA,NA,NA,NA,NA,NA,NA,NA,8.16,91,NA,NA,NA,NA,NA,NA,NA,NA,NA,NA,NA,NA,NA,NA,NA,NA,NA,NA,NA,NA,NA,NA,NA,NA,7.94,NA,NA,NA,NA,22.86,1.1,36162,NA,NA,NA,NA,NA,NA,NA,NA,NA,NA,NA,NA,NA,NA,NA,2.22504,NA,1.34,13.9
FDEP River 1,GTMGR1NUT,2019-02-04T10:34:00Z,River,River,0.0025,0.008,108,14.7,NA,0.0089,8e-4,NA,NA,NA,NA,NA,NA,NA,NA,NA,0.002,7.29,80.3,0.48,NA,NA,NA,NA,0.016,0.76,0.0039,NA,NA,NA,0.002,0.02,0.045,0.0058,0.004,0.002,0.008,0.055,NA,NA,0.011,NA,NA,7.55,NA,NA,0.004,0.002,20.7,1,33096,0.38,0.5,NA,0.053,NA,NA,0.004,7,NA,5.4,NA,NA,NA,NA,8.7,1.85928,NA,1.4,14.2
FDEP River 1,GTMGR1NUT,2019-03-04T09:48:00Z,River,River,NA,NA,NA,20.77778,NA,NA,NA,NA,NA,NA,NA,NA,NA,NA,NA,NA,NA,5.15,66,NA,NA,NA,NA,NA,NA,NA,NA,NA,NA,NA,NA,NA,NA,NA,NA,NA,NA,NA,NA,NA,NA,NA,NA,7.35,NA,NA,NA,NA,21.22,0.55,33858,NA,NA,NA,NA,NA,NA,NA,NA,NA,NA,NA,NA,NA,NA,NA,1.64592,NA,3.26339,21.1
Guana River,GTMGRNUT,2017-07-20T09:15:00Z,River,River,NA,NA,NA,28,NA,NA,NA,6,NA,7.6,NA,2,NA,2,NA,NA,NA,1.34,NA,NA,NA,NA,10,8,NA,NA,NA,NA,NA,NA,NA,NA,NA,NA,NA,NA,NA,NA,NA,NA,0.016,1.51,NA,7.27,2.2,NA,NA,NA,30.9,0.91,47692,NA,0.83,0.85,0.0599,NA,NA,NA,NA,NA,NA,NA,NA,NA,NA,NA,NA,NA,1.4,30
Guana River,GTMGRNUT,2017-08-03T08:39:00Z,River,River,NA,NA,NA,29.277777777777782,NA,NA,NA,4.5,NA,6,NA,3.4,NA,3.4,NA,NA,NA,3.12,39.43,NA,NA,NA,37,11,NA,NA,NA,NA,NA,NA,NA,NA,NA,NA,NA,NA,NA,NA,NA,NA,0.032,1.46,NA,6.87,3.4,NA,NA,NA,25.73,0.673,40341,NA,0.89,0.92,0.0604,NA,NA,NA,NA,NA,NA,NA,NA,NA,NA,NA,NA,NA,5.81594,27.5
Guana River,GTMGRNUT,2017-09-20T11:39:00Z,River,River,NA,NA,NA,31.611111111111114,NA,NA,NA,17,NA,19,NA,10,NA,10,NA,NA,NA,3.15,41.66,NA,NA,NA,5,40,NA,NA,NA,NA,NA,NA,NA,NA,NA,NA,NA,NA,NA,NA,NA,NA,0.025,1.62,NA,6.97,10,NA,NA,NA,16.09,0.353,26453,NA,1.1,1.13,0.118,NA,NA,NA,NA,NA,NA,NA,NA,NA,NA,NA,NA,NA,4.02642,29.9
Guana River,GTMGRNUT,2017-10-18T10:39:00Z,River,River,NA,NA,NA,26.4,NA,NA,NA,4,NA,5.8,NA,3.4,NA,3.4,NA,NA,NA,5.91,74.9,NA,NA,NA,52,150,NA,NA,NA,NA,NA,NA,NA,NA,NA,NA,NA,NA,NA,NA,NA,NA,0.049,1.43,NA,7.06,3.4,NA,NA,NA,22.03,0.31,35017,NA,1.33,1.38,0.0878,NA,NA,NA,NA,NA,NA,NA,NA,NA,NA,NA,NA,NA,4,24.3
Guana River,GTMGRNUT,2017-11-02T11:58:00Z,River,River,NA,NA,NA,23.4,NA,NA,NA,19,NA,25,NA,14,NA,14,NA,NA,NA,5.92,72.2,NA,NA,NA,41,46,NA,NA,NA,NA,NA,NA,NA,NA,NA,NA,NA,NA,NA,NA,NA,NA,0.059,1.47,NA,7.04,14,NA,NA,NA,15.1,0.15,24784,NA,1.15,1.2,0.222,NA,NA,NA,NA,NA,NA,NA,NA,NA,NA,NA,NA,NA,2.6,21
Guana River,GTMGRNUT,2017-12-13T12:04:00Z,River,River,NA,NA,NA,19.111111111111114,NA,NA,NA,7.2,NA,8,NA,4,NA,4,NA,NA,NA,9.37,88.44,0.57,NA,NA,10,4,NA,NA,NA,NA,NA,NA,NA,NA,NA,NA,NA,NA,NA,0.066,NA,NA,0.024,1.61,NA,6.41,4,NA,NA,NA,16.55,0.372,26946,NA,0.71,0.73,0.0654,NA,NA,NA,NA,NA,NA,NA,NA,NA,NA,NA,NA,NA,3.3553499999999996,13.2
Guana River,GTMGRNUT,2018-01-17T10:22:00Z,River,River,NA,NA,NA,15.277777777777779,NA,NA,NA,3.6,NA,3.6,NA,2,NA,2,NA,NA,NA,7.95,86,0.36,NA,NA,10,2,NA,NA,NA,NA,NA,NA,NA,NA,NA,NA,NA,NA,NA,0.022,NA,NA,0.056,1.78,NA,6.73,2,NA,NA,NA,26.16,1.4,40856,NA,0.35,0.5,0.0376,NA,NA,NA,NA,NA,NA,NA,NA,NA,NA,NA,NA,NA,6.710699999999999,11.6
Guana River,GTMGRNUT,2018-02-14T08:57:00Z,River,River,NA,NA,NA,16,NA,NA,NA,5.3,NA,6.4,NA,1.5,NA,1.5,NA,NA,NA,7.5,90.9,0.82,NA,NA,10,6,NA,NA,NA,NA,NA,NA,NA,NA,NA,NA,NA,NA,NA,0.054,NA,NA,0.045,1.55,NA,6.62,1.5,NA,NA,NA,25.57,0.9,39976,NA,0.5,0.55,0.0488,NA,NA,NA,NA,NA,NA,NA,NA,NA,NA,NA,NA,NA,12.30295,17.2
Guana River,GTMGRNUT,2018-03-28T08:29:00Z,River,River,NA,NA,NA,19.2,NA,NA,NA,4.6,NA,5.5,NA,1.4,NA,1.4,NA,NA,NA,7.09,91.1,0.64,NA,NA,10,2,NA,NA,NA,NA,NA,NA,NA,NA,NA,NA,NA,NA,NA,0.036,NA,NA,0.054,1.56,NA,7.32,1.4,NA,NA,NA,31.73,1.3,48549,NA,0.52,0.57,0.0294,NA,NA,NA,NA,NA,NA,NA,NA,NA,NA,NA,5.304878048780488,NA,0,18.3
Guana River,GTMGRNUT,2018-04-24T07:32:00Z,River,River,NA,NA,NA,19.7,NA,NA,NA,4.7,NA,5.7,NA,2.5,NA,2.5,NA,NA,NA,5.87,78.6,0.48,NA,NA,10,10,NA,NA,NA,NA,NA,NA,NA,NA,NA,NA,NA,NA,NA,0.064,NA,NA,0.05,1.54,NA,6.96,2.5,NA,NA,NA,28.69,0.8,44381,NA,0.5,0.5,0.0413,NA,NA,NA,NA,NA,NA,NA,NA,NA,NA,NA,4.390243902439025,NA,1.5,21.7
Guana River,GTMGRNUT,2018-05-30T11:09:00Z,River,River,NA,NA,NA,26.8,NA,NA,NA,9,NA,10.4,NA,2.3,NA,2.3,NA,NA,NA,5.24,79,0.62,NA,NA,20,5,NA,NA,NA,NA,NA,NA,NA,NA,NA,NA,NA,NA,NA,0.058,NA,NA,0.053,1.58,NA,7.66,2.3,NA,NA,NA,33.13,1,50680,NA,0.5,0.5,0.0431,NA,NA,NA,NA,NA,NA,NA,NA,NA,NA,NA,4.817073170731708,NA,1,26.8
Guana River,GTMGRNUT,2018-06-11T09:08:00Z,River,River,NA,NA,NA,27.4,NA,NA,NA,8.5,NA,10.2,NA,2.5,NA,2.5,NA,NA,NA,4.34,62.9,0.84,NA,NA,10,10,NA,NA,NA,NA,NA,NA,NA,NA,NA,NA,NA,NA,NA,0.106,NA,NA,0.048,1.55,NA,7.46,2.5,NA,NA,NA,23.26,0.8,36884,NA,0.91,0.95,0.0668,NA,NA,NA,NA,NA,NA,NA,NA,NA,NA,NA,4.176829268292683,NA,1.1,27.9
Guana River,GTMGRNUT,2018-07-11T09:35:00Z,River,River,NA,NA,113,28,NA,NA,NA,8.9,NA,11,NA,NA,NA,NA,NA,NA,NA,4.21,62.6,0.59,NA,NA,10,10,NA,0.94,NA,NA,NA,NA,NA,NA,NA,NA,NA,NA,NA,0.03,NA,NA,0.011,NA,NA,7.15,3,NA,NA,NA,23.25,1,36909,NA,0.75,NA,0.082,NA,NA,NA,12,7.9,NA,NA,NA,NA,NA,9.5,3.8109756097560976,NA,2.2,29.4
Guana River,GTMGRNUT,2018-08-08T08:05:00Z,River,River,NA,NA,NA,27.7,NA,NA,NA,18,NA,19.4,NA,2.5,NA,4.1,NA,NA,NA,4.54,64.7,1.17,NA,NA,10,10,NA,NA,NA,NA,NA,NA,NA,NA,NA,NA,NA,NA,NA,0.078,NA,NA,0.05,1.66,NA,7.54,2.5,NA,NA,NA,18.78,0.7,30501,NA,1.01,1.04,0.0651,NA,NA,NA,NA,NA,NA,NA,NA,NA,NA,NA,4.207317073170732,NA,1.5,30.2
Guana River,GTMGRNUT,2018-09-06T08:11:00Z,River,River,0.0038,0.008,114,28.3,1500,0.014,8e-4,4.5,NA,5.7,NA,NA,NA,NA,NA,1300,0.0034,4.73,70,0.61,NA,NA,10,10,0.016,0.92,0.012,170,8400,140,8e-4,0.02,0.05,0.0064,0.004,0.002,0.008,0.075,NA,NA,0.035,NA,NA,7.44,1.7,NA,0.004,0.002,23.21,0.8,36840,0.22,0.61,NA,0.076,NA,NA,0.004,10,7,NA,NA,NA,NA,NA,8.3,4.2682926829268295,NA,2.1,29.1
Guana River,GTMGRNUT,2018-10-22T09:25:00Z,River,River,NA,NA,NA,24.1,NA,NA,NA,5.5,NA,6.5,NA,2,NA,2,NA,NA,NA,5.21,75.9,0.79,NA,NA,10,10,NA,NA,NA,NA,NA,NA,NA,NA,NA,NA,NA,NA,NA,0.083,NA,NA,0.026,1.57,NA,7.71,2,NA,NA,NA,32.6,1.3,49812,NA,0.89,0.91,0.05,NA,NA,NA,NA,NA,NA,NA,NA,NA,NA,NA,4.634146341463414,NA,4.6,24.6
Guana River,GTMGRNUT,2018-11-07T09:51:00Z,River,River,NA,NA,NA,27.9,NA,NA,NA,4,NA,4.6,NA,1.3,NA,1.3,NA,NA,NA,5.79,84.3,0.91,NA,NA,10,10,NA,NA,NA,NA,NA,NA,NA,NA,NA,NA,NA,NA,NA,0.064,1.13,0.065,0.016,1.6,NA,7.71,1.3,NA,NA,NA,33.84,1.45,51496,NA,0.14,NA,0.0421,NA,NA,NA,NA,NA,NA,NA,NA,NA,NA,NA,5.182926829268293,NA,0.6,24.2
Guana River,GTMGRNUT,2018-12-05T09:06:00Z,River,River,NA,NA,5.2,8.9,NA,NA,NA,4.1,NA,4.8,NA,NA,NA,NA,NA,NA,NA,6.63,83.1,0.048,NA,NA,10,10,NA,1.1,NA,NA,NA,NA,NA,NA,NA,NA,NA,NA,NA,28800,NA,NA,0.03,NA,NA,7.72,0.92,NA,NA,NA,30.2,1.1,46448,NA,0.012,NA,0.46,NA,NA,NA,0.53,5,NA,16000,11,2300,113,8,4.66344,NA,5.5,17.4
Guana River,GTMGRNUT,2019-01-22T11:00:00Z,River,River,NA,NA,NA,11.94444,NA,NA,NA,NA,NA,NA,NA,NA,NA,NA,NA,NA,NA,8.23,96.6,NA,NA,NA,NA,NA,NA,NA,NA,NA,NA,NA,NA,NA,NA,NA,NA,NA,NA,NA,NA,NA,NA,NA,NA,8.07,NA,NA,NA,NA,28.82,1.3,44634,NA,NA,NA,NA,NA,NA,NA,NA,NA,NA,NA,NA,NA,NA,NA,5.69976,NA,2.503,14.4
Guana River,GTMGRNUT,2019-02-04T10:10:00Z,River,River,0.0059,0.008,105,13.8,NA,0.0087,8e-4,NA,NA,NA,NA,NA,NA,NA,NA,NA,0.002,8.08,90.6,0.43,NA,NA,NA,NA,0.016,0.83,0.0043,NA,NA,NA,0.002,0.02,0.042,0.0067,0.004,0.002,0.008,0.03,NA,NA,0.012,NA,NA,7.66,NA,NA,0.004,0.002,23.74,1.3,37323,0.3,0.41,NA,0.044,NA,NA,0.004,7,NA,4,NA,NA,NA,NA,7.9,4.99872,NA,3.9,13.8
Guana River,GTMGRNUT,2019-03-04T09:30:00Z,River,River,NA,NA,NA,20.77778,NA,NA,NA,NA,NA,NA,NA,NA,NA,NA,NA,NA,NA,6.29,80.9,NA,NA,NA,NA,NA,NA,NA,NA,NA,NA,NA,NA,NA,NA,NA,NA,NA,NA,NA,NA,NA,NA,NA,NA,7.48,NA,NA,NA,NA,24.69,0.875,38583,NA,NA,NA,NA,NA,NA,NA,NA,NA,NA,NA,NA,NA,NA,NA,4.8768,NA,3.12928,20.6
FDEP River 3,GTMGR3NUT,2018-07-11T09:03:00Z,Excluded,River,NA,NA,115,27.1,NA,NA,NA,8,NA,9.7,NA,NA,NA,NA,NA,NA,NA,4.68,70.4,0.62,NA,NA,10,10,NA,1,NA,NA,NA,NA,NA,NA,NA,NA,NA,NA,NA,0.02,NA,NA,0.013,NA,NA,7.17,2.3,NA,NA,NA,24.86,1,39222,NA,0.67,NA,0.067,NA,NA,NA,9,6,NA,NA,NA,NA,NA,8.4,3.048780487804878,NA,3,29.2
FDEP River 3,GTMGR3NUT,2018-08-08T07:50:00Z,Excluded,River,NA,NA,NA,27.7,NA,NA,NA,10.7,NA,12.2,NA,2,NA,2.2,NA,NA,NA,4.66,68.7,0.97,NA,NA,10,10,NA,NA,NA,NA,NA,NA,NA,NA,NA,NA,NA,NA,NA,0.056,NA,NA,0.05,1.6,NA,7.61,2,NA,NA,NA,19.93,0.8,31927,NA,1.05,1.08,0.0586,NA,NA,NA,NA,NA,NA,NA,NA,NA,NA,NA,2.7439024390243905,NA,0.4,30.1
FDEP River 3,GTMGR3NUT,2018-09-06T07:48:00Z,Excluded,River,0.0037,0.008,114,28.6,1500,0.016,8e-4,4.4,NA,5.4,NA,NA,NA,NA,NA,1300,0.0032,4.57,68.3,0.56,NA,NA,10,10,0.016,0.94,0.016,170,8400,140,8e-4,0.02,0.044,0.007,0.004,0.002,0.008,0.058,NA,NA,0.037,NA,NA,7.42,1.3,NA,0.004,0.002,25.02,0.9,39340,0.22,0.49,NA,0.069,NA,NA,0.004,10,6.3,NA,NA,NA,NA,NA,7.9,3.1707317073170733,NA,3.9,29
FDEP River 3,GTMGR3NUT,2018-10-22T09:09:00Z,Excluded,River,NA,NA,NA,24.1,NA,NA,NA,5.9,NA,6.8,NA,2,NA,2,NA,NA,NA,5.17,74.6,0.83,NA,NA,10,10,NA,NA,NA,NA,NA,NA,NA,NA,NA,NA,NA,NA,NA,0.066,NA,NA,0.023,1.59,NA,7.81,2,NA,NA,NA,33.73,1.2,51376,NA,0.5,0.5,0.05,NA,NA,NA,NA,NA,NA,NA,NA,NA,NA,NA,3.5365853658536586,NA,4,24.8
FDEP River 3,GTMGR3NUT,2018-11-07T09:42:00Z,Excluded,River,NA,NA,NA,27.3,NA,NA,NA,4.5,NA,5.4,NA,1.4,NA,1.4,NA,NA,NA,5.89,85.1,0.99,NA,NA,10,10,NA,NA,NA,NA,NA,NA,NA,NA,NA,NA,NA,NA,NA,0.061,NA,NA,0.015,1.56,NA,7.74,1.4,NA,NA,NA,34.11,1.5,51887,NA,0.14,NA,0.0342,NA,NA,NA,NA,NA,NA,NA,NA,NA,NA,NA,3.8109756097560976,NA,0,24.3
FDEP River 3,GTMGR3NUT,2018-12-05T08:42:00Z,Excluded,River,NA,NA,3.9,8.5,NA,NA,NA,5.6,NA,6.2,NA,NA,NA,NA,NA,NA,NA,6.81,87.8,0.039,NA,NA,10,9,NA,1.2,NA,NA,NA,NA,NA,NA,NA,NA,NA,NA,NA,31400,NA,NA,0.017,NA,NA,7.81,0.73,NA,NA,NA,33.34,1.2,50713,NA,0.012,NA,0.44,NA,NA,NA,0.42,8.7,NA,18000,4.1,2600,116,10,3.13914,NA,5.5,18
FDEP River 3,GTMGR3NUT,2019-01-22T10:41:00Z,Excluded,River,NA,NA,NA,11.88889,NA,NA,NA,NA,NA,NA,NA,NA,NA,NA,NA,NA,NA,8.12,97.3,NA,NA,NA,NA,NA,NA,NA,NA,NA,NA,NA,NA,NA,NA,NA,NA,NA,NA,NA,NA,NA,NA,NA,NA,8.11,NA,NA,NA,NA,32.55,1.2,49751,NA,NA,NA,NA,NA,NA,NA,NA,NA,NA,NA,NA,NA,NA,NA,4.17576,NA,2.50342,14.5
FDEP River 3,GTMGR3NUT,2019-02-04T09:47:00Z,Excluded,River,0.0023,0.008,108,13.8,NA,0.0062,8e-4,NA,NA,NA,NA,NA,NA,NA,NA,NA,0.002,7.9,89.8,0.36,NA,NA,NA,NA,0.016,0.92,0.0031,NA,NA,NA,0.002,0.02,0.029,0.005,0.004,0.002,0.008,0.019,NA,NA,0.008,NA,NA,7.72,NA,NA,0.004,0.002,26.29,1.4,40942,0.19,0.36,NA,0.041,NA,NA,0.004,5,NA,3,NA,NA,NA,NA,6.2,3.44424,NA,3,13.8
FDEP River 3,GTMGR3NUT,2019-03-04T09:12:00Z,Excluded,River,NA,NA,NA,20.5556,NA,NA,NA,NA,NA,NA,NA,NA,NA,NA,NA,NA,NA,6.52,84.4,NA,NA,NA,NA,NA,NA,NA,NA,NA,NA,NA,NA,NA,NA,NA,NA,NA,NA,NA,NA,NA,NA,NA,NA,7.5,NA,NA,NA,NA,27.22,0.95,42270,NA,NA,NA,NA,NA,NA,NA,NA,NA,NA,NA,NA,NA,NA,NA,3.048,NA,1.87757,20.1
