site,latitude,longitude,station_code,date_sampled,sitetype,WBID,WIND_S,DO,DO_p,Bentazon,WIND_D,SECCHI,SpCond,pH,WTEM,CHLa_UnC,ATEMP,CHLc_Tri_N,WDEPTH,Fluoride,W-TOC,PHEA,Sucra,DTKN,MCPP,Triclopyr,Imidacloprid,Diuron,Pyraclostrobin,Primidone,Linuron,Aceta,Fenuron,Imazapyr,Carbamazepine,Fluridone,Hydrocodone,Naproxen,Ibuprofen,SALT,NH4_N,CHLa_C,NO23F,TKN,OD664b/OD665a,TP,ENTERO,FECCOL,CHLb_Tri_N,TN,Turbidity,TSS,Alkalinity,HF183,GULL2,GFD,BacR,DG3,Bromide,ECOLI,"2, 4-D",W-TDS,W-BR-IC,W-COLOR,W-CL-IC,W-SO4-IC
GL1, , ,GTMGL1NUT,2019-09-10 12:15:00,OpenWater,Lake,1.8,2.45,33.1,NULL,"NA","NA",733,7.14,30.7,6.5,29.1,NULL,1.3719512195122,0.2,22,1.5,NULL,1.1,NULL,NULL,NULL,NULL,NULL,NULL,NULL,NULL,NULL,NULL,NULL,NULL,NULL,NULL,NULL,0.35,0.07,6.6,0.004,1,NULL,0.18,130,64,NULL,NULL,1.3,2,127,NULL,NULL,NULL,NULL,NULL,NULL,NULL,NULL,NULL,NULL,NULL,NULL,NULL
GL1, , ,GTMGL1NUT,2019-12-16 10:53:00,OpenWater,Lake,0.5,6.93,71.2,NULL,"NA","NA",753,7.33,16.5,NULL,24.2,NULL,0.64,NULL,NULL,NULL,NULL,NULL,NULL,NULL,NULL,NULL,NULL,NULL,NULL,NULL,NULL,NULL,NULL,NULL,NULL,NULL,NULL,0.37,NULL,NULL,NULL,NULL,NULL,NULL,NULL,NULL,NULL,NULL,NULL,NULL,NULL,NULL,NULL,NULL,NULL,NULL,NULL,NULL,NULL,NULL,NULL,NULL,NULL,NULL
GL1,30.1504,-81.3604,GTMGL1NUT,2018-09-06 11:32:00,OpenWater,Lake,3.3,2.54,32.7,0.12,"NA","NA",696,7.37,28.4,6.4,29.3,NULL,0.3,0.2,20,0.88,1.6,1,0.002,0.004,0.0071,0.019,0.002,0.004,0.004,0.008,0.016,0.12,0.00097,0.11,8e-04,0.008,0.02,0.34,0.036,5.6,0.004,1.1,NULL,0.1,31,40,NULL,NULL,1.5,3,117,140,8400,170,1500,1300,NULL,NULL,0.14,NULL,NULL,NULL,NULL,NULL
GL1, , ,GTMGL1NUT,2019-10-14 13:30:00,OpenWater,Lake,1.2,2.69,33.2,NULL,"NA","NA",713,7.14,26,10.6,29.3,11.3,0.7,NULL,NULL,7.2,NULL,1.27,NULL,NULL,NULL,NULL,NULL,NULL,NULL,NULL,NULL,NULL,NULL,NULL,NULL,NULL,NULL,0.35,0.033,6.7,0.01,1.07,1.34,0.164,20,27,7.1,1.07,NULL,NULL,NULL,NULL,NULL,NULL,NULL,NULL,NULL,NULL,NULL,NULL,NULL,NULL,NULL,NULL
GL1,30.1504,-81.3604,GTMGL1NUT,2018-12-05 11:57:00,OpenWater,Lake,3.5,0.24,62,NULL,"NA","NA",705,7.25,14.8,1.8,12,NULL,0.21336,0.19,19,0.6,NULL,0.81,NULL,NULL,NULL,NULL,NULL,NULL,NULL,NULL,NULL,NULL,NULL,NULL,NULL,NULL,NULL,0.35,0.007,1.4,0.004,0.77,NULL,0.07,41,36,NULL,NULL,0.65,2,116,NULL,NULL,NULL,NULL,NULL,NULL,NULL,NULL,442,NULL,79,100,53
GL1,30.1504,-81.3604,GTMGL1NUT,2018-11-07 12:03:00,OpenWater,Lake,2,5.34,64.3,NULL,"NA","NA",906,7.8,24.7,5,25.9,2.5,0.31,NULL,NULL,2.5,NULL,1.12,NULL,NULL,NULL,NULL,NULL,NULL,NULL,NULL,NULL,NULL,NULL,NULL,NULL,NULL,NULL,0.44,0.079,3.8,0.01,1.16,1.48,0.0709,10,370,2.5,1.16,NULL,NULL,NULL,NULL,NULL,NULL,NULL,NULL,NULL,NULL,NULL,NULL,NULL,NULL,NULL,NULL
GL1,30.1504,-81.3604,GTMGL1NUT,2019-04-02 12:36:00,OpenWater,Lake,2.5,5.39,62.5,NULL,"NA","NA",1036,7.5,17.7,4,14.4,4,0.35,NULL,NULL,4,NULL,0.87,NULL,NULL,NULL,NULL,NULL,NULL,NULL,NULL,NULL,NULL,NULL,NULL,NULL,NULL,NULL,0.51,0.024,4,0.01,0.97,1.48,0.141,10,9,4,0.97,NULL,NULL,NULL,NULL,NULL,NULL,NULL,NULL,NULL,NULL,NULL,NULL,NULL,NULL,NULL,NULL
GL1,30.1504,-81.3604,GTMGL1NUT,2018-08-08 10:23:00,OpenWater,Lake,1.2,4.66,62,NULL,"NA","NA",755,7.57,29.1,6.6,30.4,1.4,0.49,NULL,NULL,1.4,NULL,1.06,NULL,NULL,NULL,NULL,NULL,NULL,NULL,NULL,NULL,NULL,NULL,NULL,NULL,NULL,NULL,0.37,0.039,6.1,0.012,0.52,1.65,0.052,2600,30,1.4,0.53,NULL,NULL,NULL,NULL,NULL,NULL,NULL,NULL,NULL,NULL,NULL,NULL,NULL,NULL,NULL,NULL
GL1, , ,GTMGL1NUT,2019-11-12 13:05:00,OpenWater,Lake,0.9,7.91,90.7,NULL,"NA","NA",2325,7.72,21.8,7.3,28.5,3.4,0.7,NULL,NULL,3.4,NULL,1.33,NULL,NULL,NULL,NULL,NULL,NULL,NULL,NULL,NULL,NULL,NULL,NULL,NULL,NULL,NULL,1.18,0.141,6.1,0.01,1.38,1.57,0.146,110,27,3.4,1.38,NULL,NULL,NULL,NULL,NULL,NULL,NULL,NULL,NULL,NULL,NULL,NULL,NULL,NULL,NULL,NULL
GL1, , ,GTMGL1NUT,2019-08-12 12:25:00,OpenWater,Lake,1.4,2.11,29,NULL,"NA","NA",757,7.23,31.4,12,30.5,2.9,0.4,NULL,NULL,2.9,NULL,2.22,NULL,NULL,NULL,NULL,NULL,NULL,NULL,NULL,NULL,NULL,NULL,NULL,NULL,NULL,NULL,0.36,0.048,10.5,0.01,1.95,1.59,0.292,410,130,2.9,1.95,NULL,NULL,NULL,NULL,NULL,NULL,NULL,NULL,NULL,NULL,NULL,NULL,NULL,NULL,NULL,NULL
GL1,30.1504,-81.3604,GTMGL1NUT,2019-05-02 12:14:00,OpenWater,Lake,2.86097451944569,9.72,120,NULL,"NA","NA",739,8.24,27.8,6.2,26.1111111111111,NULL,0.45,0.2,7,2.1,NULL,0.49,NULL,NULL,NULL,NULL,NULL,NULL,NULL,NULL,NULL,NULL,NULL,NULL,NULL,NULL,NULL,0.36,0.03,5.4,0.004,0.69,NULL,0.069,1,18,NULL,NULL,0.8,2,117,NULL,NULL,NULL,NULL,NULL,NULL,NULL,NULL,NULL,0.27,NULL,NULL,NULL
GL1,30.1504,-81.3604,GTMGL1NUT,2019-01-22 13:25:00,OpenWater,Lake,1.96698,10.73,104.7,NULL,"NA","NA",7.94,8.8,14.2,2.3,17.27778,2.3,0.5,NULL,NULL,2.3,NULL,0.94,NULL,NULL,NULL,NULL,NULL,NULL,NULL,NULL,NULL,NULL,NULL,NULL,NULL,NULL,NULL,0.39,0.044,2.3,0.01,1.15,1.59,0.0751,10,18,2.3,1.15,NULL,NULL,NULL,NULL,NULL,NULL,NULL,NULL,NULL,NULL,NULL,NULL,NULL,NULL,NULL,NULL
GL1,30.1504,-81.3604,GTMGL1NUT,2018-10-22 11:50:00,OpenWater,Lake,3.3,3.9,44.3,NULL,"NA","NA",846,7.4,21.3,4.3,25.4,1,0.45,NULL,NULL,1.3,NULL,1.25,NULL,NULL,NULL,NULL,NULL,NULL,NULL,NULL,NULL,NULL,NULL,NULL,NULL,NULL,NULL,0.42,0.06,3.3,0.011,0.94,1.5,0.005,95,30,1,0.95,NULL,NULL,NULL,NULL,NULL,NULL,NULL,NULL,NULL,NULL,NULL,NULL,NULL,NULL,NULL,NULL
GL1,30.1504,-81.3604,GTMGL1NUT,2019-03-04 12:03:00,OpenWater,Lake,2.95037997317836,7.5,84.8,NULL,"NA","NA",720,7.53,21.3,3.9,20.7777777777778,2,0.56,NULL,NULL,2.3,NULL,0.79,NULL,NULL,NULL,NULL,NULL,NULL,NULL,NULL,NULL,NULL,NULL,NULL,NULL,NULL,NULL,0.35,0.035,2.4,0.01,0.5,1.35,0.106,NULL,NULL,2,0.5,NULL,NULL,NULL,NULL,NULL,NULL,NULL,NULL,NULL,NULL,NULL,NULL,NULL,NULL,NULL,NULL
GL1,30.1504,-81.3604,GTMGL1NUT,2019-02-04 12:53:00,OpenWater,Lake,3.5,7.32,73.3,0.075,"NA","NA",682,7.38,15.2,NULL,14,NULL,0.4,0.18,16,NULL,2.1,0.83,0.002,0.004,0.0097,0.0028,0.002,0.0063,0.004,0.008,0.016,0.067,0.00096,0.065,0.002,0.008,0.02,0.33,0.018,NULL,0.005,0.73,NULL,0.092,NULL,NULL,NULL,NULL,0.7,2,119,NULL,NULL,NULL,NULL,NULL,NULL,NULL,0.0096,NULL,NULL,NULL,NULL,NULL
GL1,30.1504,-81.3604,GTMGL1NUT,2019-07-15 13:15:00,OpenWater,Lake,NULL,NULL,NULL,NULL,NULL,NULL,NULL,NULL,NULL,NULL,NULL,NULL,NULL,0.25,24,NULL,NULL,1.3,NULL,NULL,NULL,NULL,NULL,NULL,NULL,NULL,NULL,NULL,NULL,NULL,NULL,NULL,NULL,NULL,0.066,NULL,0.004,1.3,NULL,0.64,NULL,NULL,NULL,NULL,2.4,4,172,NULL,NULL,NULL,NULL,NULL,0.44,NULL,NULL,NULL,NULL,NULL,NULL,NULL
GL1, , ,GTMGL1NUT,2019-07-15 13:15:00,OpenWater,Lake,1.8,3.26,47.3,NULL,"NA","NA",965,7.77,32.3,17,33.4,NULL,0.5,NULL,NULL,0.93,NULL,NULL,NULL,NULL,NULL,NULL,NULL,NULL,NULL,NULL,NULL,NULL,NULL,NULL,NULL,NULL,NULL,0.47,NULL,16,NULL,NULL,NULL,NULL,52,130,NULL,NULL,NULL,NULL,NULL,NULL,NULL,NULL,NULL,NULL,NULL,52,NULL,NULL,NULL,NULL,NULL,NULL
GL1,30.1504,-81.3604,GTMGL1NUT,2018-07-11 12:50:00,OpenWater,Lake,1.5,8.89,123.3,NULL,"NA","NA",807,8.11,31.5,5.8,32.4,NULL,0.106707317073171,0.24,24,1.9,NULL,1.1,NULL,NULL,NULL,NULL,NULL,NULL,NULL,NULL,NULL,NULL,NULL,NULL,NULL,NULL,NULL,0.39,0.013,4.5,0.004,1.1,NULL,0.056,340,10,NULL,NULL,1.1,2,130,NULL,NULL,NULL,NULL,NULL,NULL,NULL,NULL,NULL,NULL,NULL,NULL,NULL
GL1,30.1504,-81.3604,GTMGL1NUT,2019-09-10 12:15:00,OpenWater,Lake,NULL,NULL,NULL,NULL,NULL,NULL,NULL,NULL,NULL,NULL,NULL,NULL,NULL,NULL,NULL,NULL,NULL,NULL,NULL,NULL,NULL,NULL,NULL,NULL,NULL,NULL,NULL,NULL,NULL,NULL,NULL,NULL,NULL,NULL,NULL,NULL,NULL,NULL,NULL,NULL,NULL,NULL,NULL,NULL,NULL,NULL,NULL,NULL,NULL,NULL,NULL,NULL,0.28,NULL,NULL,NULL,NULL,NULL,NULL,NULL
GL1,30.1504,-81.3604,GTMGL1NUT,2019-03-04 11:40:00,OpenWater,Lake,NULL,NULL,NULL,NULL,NULL,NULL,NULL,NULL,NULL,NULL,NULL,NULL,NULL,NULL,NULL,NULL,NULL,NULL,NULL,NULL,NULL,NULL,NULL,NULL,NULL,NULL,NULL,NULL,NULL,NULL,NULL,NULL,NULL,NULL,NULL,NULL,NULL,NULL,NULL,NULL,10,9,NULL,NULL,NULL,NULL,NULL,NULL,NULL,NULL,NULL,NULL,NULL,NULL,NULL,NULL,NULL,NULL,NULL,NULL
GL2,30.1161,-81.3511,GTMGL2NUT,2018-07-11 12:22:00,OpenWater,Lake,0.8,7.21,98.1,NULL,"NA",0.6,2198,7.97,30.8,82,32,NULL,0.65,0.27,30,5.1,NULL,2,NULL,NULL,NULL,NULL,NULL,NULL,NULL,NULL,NULL,NULL,NULL,NULL,NULL,NULL,NULL,1.11,0.02,76,0.004,2,NULL,0.17,330,10,NULL,NULL,15,26,134,NULL,NULL,NULL,NULL,NULL,NULL,NULL,NULL,NULL,NULL,NULL,NULL,NULL
GL2, , ,GTMGL2NUT,2019-10-14 13:10:00,OpenWater,Lake,1.5,6.09,79.9,NULL,"NA",0.3,16404,7.57,26.8,59.8,29,15.3,1.21951219512195,NULL,NULL,19.5,NULL,2.62,NULL,NULL,NULL,NULL,NULL,NULL,NULL,NULL,NULL,NULL,NULL,NULL,NULL,NULL,NULL,9.54,NULL,47,0.01,2.24,1.49,0.141,20,18,9.8,2.24,NULL,NULL,NULL,NULL,NULL,NULL,NULL,NULL,NULL,NULL,NULL,NULL,NULL,NULL,NULL,NULL
GL2,30.1161,-81.3511,GTMGL2NUT,2018-09-06 10:48:00,OpenWater,Lake,3.8,4.88,63.8,0.066,"NA","NA",1307,7.85,28.8,22,28.8,NULL,0.76219512195122,0.22,25,2.9,1.4,1.5,0.002,0.004,0.002,0.002,0.002,0.004,0.004,0.008,0.016,2.1,8e-04,0.047,8e-04,0.008,0.02,0.65,0.011,20,0.004,1.7,NULL,0.064,10,10,NULL,NULL,4.5,8,108,140,8400,170,1500,1300,NULL,NULL,0.16,NULL,NULL,NULL,NULL,NULL
GL2,30.1161,-81.3511,GTMGL2NUT,2018-12-05 11:29:00,OpenWater,Lake,2.5,6.4,64.3,NULL,"NA",1,2091,7.45,15.5,6.8,10.9,NULL,0.88392,0.2,20,1.9,NULL,1,NULL,NULL,NULL,NULL,NULL,NULL,NULL,NULL,NULL,NULL,NULL,NULL,NULL,NULL,NULL,1.07,0.017,5.4,0.004,1.1,NULL,0.048,20,10,NULL,NULL,2.6,4,100,NULL,NULL,NULL,NULL,NULL,NULL,NULL,NULL,1200,NULL,99,520,95
GL2,30.1161,-81.3511,GTMGL2NUT,2019-01-22 13:04:00,OpenWater,Lake,1.65405,10.51,102.2,NULL,"NA",0.4,4476,8.48,13,14.3,17.5,2.3,0.82296,NULL,NULL,5.4,NULL,1.16,NULL,NULL,NULL,NULL,NULL,NULL,NULL,NULL,NULL,NULL,NULL,NULL,NULL,NULL,NULL,2.4,0.039,10.6,0.01,1.86,1.46,0.0514,20,10,2.3,1.87,NULL,NULL,NULL,NULL,NULL,NULL,NULL,NULL,NULL,NULL,NULL,NULL,NULL,NULL,NULL,NULL
GL2,30.1161,-81.3511,GTMGL2NUT,2019-05-02 11:47:00,OpenWater,Lake,2.59275815824765,6.78,83.6,NULL,"NA",0.4,1914,8.56,27.1,17,26.3888888888889,NULL,0.46,0.26,24,4,NULL,1.7,NULL,NULL,NULL,NULL,NULL,NULL,NULL,NULL,NULL,NULL,NULL,NULL,NULL,NULL,NULL,0.97,0.016,14,0.004,1.9,NULL,0.068,10,600,NULL,NULL,NULL,29,112,NULL,NULL,NULL,NULL,NULL,NULL,NULL,NULL,NULL,1.6,NULL,NULL,NULL
GL2,30.1161,-81.3511,GTMGL2NUT,2019-03-04 11:40:00,OpenWater,Lake,3.84443451050514,6.87,77.8,NULL,"NA",0.7,1616,7.93,21.2,12,19.4444444444444,2,0.75,NULL,NULL,3.1,NULL,0.75,NULL,NULL,NULL,NULL,NULL,NULL,NULL,NULL,NULL,NULL,NULL,NULL,NULL,NULL,NULL,0.81,0.036,9.7,0.1,1.26,1.53,0.0669,41,9,2,1.26,NULL,NULL,NULL,NULL,NULL,NULL,NULL,NULL,NULL,NULL,NULL,NULL,NULL,NULL,NULL,NULL
GL2,30.1161,-81.3511,GTMGL2NUT,2018-10-22 11:23:00,OpenWater,Lake,2.6,7.62,85.1,NULL,"NA",0.4,4599,8.13,20.1,40.5,25.3,5,0.7,NULL,NULL,6.8,NULL,2.16,NULL,NULL,NULL,NULL,NULL,NULL,NULL,NULL,NULL,NULL,NULL,NULL,NULL,NULL,NULL,2.46,0.04,35.1,0.01,2.73,1.59,0.0835,40,50,5,2.73,NULL,NULL,NULL,NULL,NULL,NULL,NULL,NULL,NULL,NULL,NULL,NULL,NULL,NULL,NULL,NULL
GL2, , ,GTMGL2NUT,2019-12-16 10:30:00,OpenWater,Lake,2.2,8.73,98.4,NULL,"NA",0.7,14740,7.76,18.3,NULL,21.8,NULL,0.75,NULL,NULL,NULL,NULL,NULL,NULL,NULL,NULL,NULL,NULL,NULL,NULL,NULL,NULL,NULL,NULL,NULL,NULL,NULL,NULL,8.66,NULL,NULL,NULL,NULL,NULL,NULL,NULL,NULL,NULL,NULL,NULL,NULL,NULL,NULL,NULL,NULL,NULL,NULL,NULL,NULL,NULL,NULL,NULL,NULL,NULL,NULL
GL2,30.1161,-81.3511,GTMGL2NUT,2019-04-02 12:14:00,OpenWater,Lake,3,8.35,88.5,NULL,"NA",0.3,11174,7.56,17.2,123,13.8,6.7,0.6,NULL,NULL,18.5,NULL,1.57,NULL,NULL,NULL,NULL,NULL,NULL,NULL,NULL,NULL,NULL,NULL,NULL,NULL,NULL,NULL,6.39,0.034,109,0.01,2.16,1.6,0.11,74,10,22,2.17,NULL,NULL,NULL,NULL,NULL,NULL,NULL,NULL,NULL,NULL,NULL,NULL,NULL,NULL,NULL,NULL
GL2, , ,GTMGL2NUT,2019-08-12 11:56:00,OpenWater,Lake,1.2,2.3,32.9,NULL,"NA",0.4,7866,7.46,32.5,55.2,29.9,9,0.6,NULL,NULL,5.8,NULL,2.65,NULL,NULL,NULL,NULL,NULL,NULL,NULL,NULL,NULL,NULL,NULL,NULL,NULL,NULL,NULL,4.29,0.029,50.5,0.01,3.49,1.63,0.454,52,2100,9,3.49,NULL,NULL,NULL,NULL,NULL,NULL,NULL,NULL,NULL,NULL,NULL,NULL,NULL,NULL,NULL,NULL
GL2, , ,GTMGL2NUT,2019-11-12 12:25:00,OpenWater,Lake,4.6,7.93,99.7,NULL,"NA",0.8,23401,7.66,22.7,31.3,25.7,4,0.9,NULL,NULL,4.3,NULL,1.46,NULL,NULL,NULL,NULL,NULL,NULL,NULL,NULL,NULL,NULL,NULL,NULL,NULL,NULL,NULL,14.17,0.064,27.7,0.01,1.74,1.61,0.061,10,9,4,1.74,NULL,NULL,NULL,NULL,NULL,NULL,NULL,NULL,NULL,NULL,NULL,NULL,NULL,NULL,NULL,NULL
GL2,30.1161,-81.3511,GTMGL2NUT,2019-07-15 12:50:00,OpenWater,Lake,NULL,NULL,NULL,NULL,NULL,NULL,NULL,NULL,NULL,NULL,NULL,NULL,NULL,0.49,35,NULL,NULL,2.4,NULL,NULL,NULL,NULL,NULL,NULL,NULL,NULL,NULL,NULL,NULL,NULL,NULL,NULL,NULL,NULL,0.03,NULL,0.004,2.9,NULL,0.19,NULL,NULL,NULL,NULL,16,20,171,NULL,NULL,NULL,NULL,NULL,14,NULL,NULL,NULL,NULL,NULL,NULL,NULL
GL2, , ,GTMGL2NUT,2019-07-15 12:50:00,OpenWater,Lake,1.8,6.92,99.6,NULL,"NA",0.5,12883,8.33,32.7,43,32.6,NULL,0.6,NULL,NULL,20,NULL,NULL,NULL,NULL,NULL,NULL,NULL,NULL,NULL,NULL,NULL,NULL,NULL,NULL,NULL,NULL,NULL,7.32,NULL,44,NULL,NULL,NULL,NULL,41,100,NULL,NULL,NULL,NULL,NULL,NULL,NULL,NULL,NULL,NULL,NULL,364,NULL,NULL,NULL,NULL,NULL,NULL
GL2,30.1161,-81.3511,GTMGL2NUT,2018-11-07 11:40:00,OpenWater,Lake,2.6,6.29,79.5,NULL,"NA",0.65,5370,8.12,26.2,31.3,25.5,2.7,0.7,NULL,NULL,7.6,NULL,2.5,NULL,NULL,NULL,NULL,NULL,NULL,NULL,NULL,NULL,NULL,NULL,NULL,NULL,NULL,NULL,2.89,0.053,25.7,0.01,2.08,1.54,0.0389,10,10,2.5,2.08,NULL,NULL,NULL,NULL,NULL,NULL,NULL,NULL,NULL,NULL,NULL,NULL,NULL,NULL,NULL,NULL
GL2,30.1161,-81.3511,GTMGL2NUT,2019-02-04 12:24:00,OpenWater,Lake,3.7,8.1,81.6,0.038,"NA",0.5,1931,7.92,15.3,NULL,14,NULL,0.85344,0.21,16,NULL,1.5,1,0.002,0.004,0.0027,0.002,0.002,0.004,0.004,0.008,0.016,0.06,8e-04,0.024,0.002,0.008,0.02,0.99,0.062,NULL,0.024,1.2,NULL,0.056,NULL,NULL,NULL,NULL,16,17,112,NULL,NULL,NULL,NULL,NULL,NULL,NULL,0.0024,NULL,NULL,NULL,NULL,NULL
GL2, , ,GTMGL2NUT,2019-09-10 11:29:00,OpenWater,Lake,2,4.48,59.9,NULL,"NA",0.8,5700,7.54,31,54,29.8,NULL,0.8,0.004,0.15,7.8,NULL,0.31,NULL,NULL,NULL,NULL,NULL,NULL,NULL,NULL,NULL,NULL,NULL,NULL,NULL,NULL,NULL,3.48,22,47,0.011,128,NULL,1.8,10,14,NULL,NULL,12,1.5,27,NULL,NULL,NULL,NULL,NULL,NULL,NULL,NULL,NULL,NULL,NULL,NULL,NULL
GL2,30.1161,-81.3511,GTMGL2NUT,2018-08-08 09:50:00,OpenWater,Lake,1.3,4.04,53.2,NULL,"NA",0.5,1332,7.88,29.6,44.8,29.1,4,0.58,NULL,NULL,4,NULL,1.64,NULL,NULL,NULL,NULL,NULL,NULL,NULL,NULL,NULL,NULL,NULL,NULL,NULL,NULL,NULL,0.66,0.018,42.1,0.01,1.62,1.66,0.117,84,30,4,1.62,NULL,NULL,NULL,NULL,NULL,NULL,NULL,NULL,NULL,NULL,NULL,NULL,NULL,NULL,NULL,NULL
GL2,30.1161,-81.3511,GTMGL2NUT,2019-09-10 11:29:00,OpenWater,Lake,NULL,NULL,NULL,NULL,NULL,NULL,NULL,NULL,NULL,NULL,NULL,NULL,NULL,NULL,NULL,NULL,NULL,NULL,NULL,NULL,NULL,NULL,NULL,NULL,NULL,NULL,NULL,NULL,NULL,NULL,NULL,NULL,NULL,NULL,NULL,NULL,NULL,NULL,NULL,NULL,NULL,NULL,NULL,NULL,NULL,NULL,NULL,NULL,NULL,NULL,NULL,NULL,6.4,NULL,NULL,NULL,NULL,NULL,NULL,NULL
GL2,30.1161,-81.3511,GTMGL2NUT,2019-06-03 13:03:00,OpenWater,Lake,1.69870362092088,7.21,105.5,NULL,"NA",0.26,16978,8.43,32.5,39,31.7222222222222,10,0.45,NULL,NULL,10,NULL,2.98,NULL,NULL,NULL,NULL,NULL,NULL,NULL,NULL,NULL,NULL,NULL,NULL,NULL,NULL,NULL,9.85,0.05,33,0.008,3.7,1.56,0.106,20,10,10,3.71,NULL,NULL,NULL,NULL,NULL,NULL,NULL,NULL,NULL,NULL,NULL,NULL,NULL,NULL,NULL,NULL
GL4,30.0451,-81.3351,GTMGL4NUT,2019-06-03 12:21:00,OpenWater,Lake,1.78810907465355,5.98,94.3,NULL,"NA",0.5,44289,8.13,30.8,32,30.9444444444444,10,0.65,NULL,NULL,10,NULL,1.06,NULL,NULL,NULL,NULL,NULL,NULL,NULL,NULL,NULL,NULL,NULL,NULL,NULL,NULL,NULL,28.05,0.028,30,0.008,1.57,1.64,0.0724,10,10,10,1.57,NULL,NULL,NULL,NULL,NULL,NULL,NULL,NULL,NULL,NULL,NULL,NULL,NULL,NULL,NULL,NULL
GL4,30.0451,-81.3351,GTMGL4NUT,2018-10-22 10:45:00,OpenWater,Lake,3,6.61,78,NULL,"NA",0.2,12215,8.03,21.3,59.6,24.3,5,0.975609756097561,NULL,NULL,5.7,NULL,1.39,NULL,NULL,NULL,NULL,NULL,NULL,NULL,NULL,NULL,NULL,NULL,NULL,NULL,NULL,NULL,7.01,0.062,54.5,0.01,2.47,1.63,0.0886,10,10,5.2,2.47,NULL,NULL,NULL,NULL,NULL,NULL,NULL,NULL,NULL,NULL,NULL,NULL,NULL,NULL,NULL,NULL
GL4,30.0451,-81.3351,GTMGL4NUT,2019-02-04 11:39:00,OpenWater,Lake,3.1,9.3,96.4,0.016,"NA",0.6,13308,7.96,14.7,NULL,14.3,NULL,0.9144,0.41,13,NULL,0.69,0.71,0.002,0.004,0.002,0.002,0.002,0.004,0.004,0.008,0.016,0.049,8e-04,0.0057,0.002,0.008,0.02,7.71,0.007,NULL,0.004,0.87,NULL,0.043,NULL,NULL,NULL,NULL,11,14,102,NULL,NULL,NULL,NULL,NULL,NULL,NULL,0.002,NULL,NULL,NULL,NULL,NULL
GL4, , ,GTMGL4NUT,2019-11-12 11:35:00,OpenWater,Lake,2.4,9.85,127.3,NULL,"NA",1,36899,8,21.3,22.7,25.3,3.5,1.2,NULL,NULL,4.3,NULL,0.98,NULL,NULL,NULL,NULL,NULL,NULL,NULL,NULL,NULL,NULL,NULL,NULL,NULL,NULL,NULL,23.38,0.022,19.3,0.01,1.38,1.57,0.071,10,10,2.3,1.38,NULL,NULL,NULL,NULL,NULL,NULL,NULL,NULL,NULL,NULL,NULL,NULL,NULL,NULL,NULL,NULL
GL4, , ,GTMGL4NUT,2019-10-14 12:32:00,OpenWater,Lake,2.3,9.62,138.1,NULL,"NA",0.45,39714,8.13,26.5,26.8,28.7,4.8,1.28048780487805,NULL,NULL,3.4,NULL,1.39,NULL,NULL,NULL,NULL,NULL,NULL,NULL,NULL,NULL,NULL,NULL,NULL,NULL,NULL,NULL,25.32,"c(0.029, 0.027)",24.6,0.01,1.58,1.64,0.0473,10,10,3.4,1.58,NULL,NULL,NULL,NULL,NULL,NULL,NULL,NULL,NULL,NULL,NULL,NULL,NULL,NULL,NULL,NULL
GL4,30.0451,-81.3351,GTMGL4NUT,2018-12-05 10:36:00,OpenWater,Lake,6,8.04,90.3,NULL,"NA",0.4,23834,7.97,16.8,23,9.8,NULL,1.12776,0.67,15,1.7,NULL,1.2,NULL,NULL,NULL,NULL,NULL,NULL,NULL,NULL,NULL,NULL,NULL,NULL,NULL,NULL,NULL,14.49,0.009,22,0.004,1.5,NULL,0.047,10,10,NULL,NULL,16,25,117,NULL,NULL,NULL,NULL,NULL,NULL,NULL,NULL,13500,NULL,30,7700,1100
GL4,30.0451,-81.3351,GTMGL4NUT,2018-07-11 11:10:00,OpenWater,Lake,1.8,5.69,78.9,NULL,"NA",0.8,13386,7.53,30.4,16,30.1,NULL,0.914634146341463,0.59,20,1.1,NULL,1.4,NULL,NULL,NULL,NULL,NULL,NULL,NULL,NULL,NULL,NULL,NULL,NULL,NULL,NULL,NULL,7.65,0.084,15,0.004,1.6,NULL,0.06,10,10,NULL,NULL,12,18,103,NULL,NULL,NULL,NULL,NULL,NULL,NULL,NULL,NULL,NULL,NULL,NULL,NULL
GL4, , ,GTMGL4NUT,2019-09-10 10:32:00,OpenWater,Lake,1.9,4.04,60.2,NULL,"NA",0.5,33029,7.76,30.4,53,28.3,NULL,1.00609756097561,0.79,124,1.9,NULL,0.011,NULL,NULL,NULL,NULL,NULL,NULL,NULL,NULL,NULL,NULL,NULL,NULL,NULL,NULL,NULL,20.54,29,51,0.26,21,NULL,1.9,10,2,NULL,NULL,17,1.7,0.069,NULL,NULL,NULL,NULL,NULL,NULL,NULL,NULL,NULL,NULL,NULL,NULL,NULL
GL4,30.0451,-81.3351,GTMGL4NUT,2019-03-04 10:44:00,OpenWater,Lake,1.43048725972284,6.84,82,NULL,"NA",0.68,16149,7.79,21.1,7.7,21.2222222222222,2,0.975609756097561,NULL,NULL,2,NULL,0.49,NULL,NULL,NULL,NULL,NULL,NULL,NULL,NULL,NULL,NULL,NULL,NULL,NULL,NULL,NULL,9.48,0.076,6.8,0.01,0.97,1.6,0.0278,10,10,2,0.97,NULL,NULL,NULL,NULL,NULL,NULL,NULL,NULL,NULL,NULL,NULL,NULL,NULL,NULL,NULL,NULL
GL4,30.0451,-81.3351,GTMGL4NUT,2019-05-02 10:58:00,OpenWater,Lake,3.97854269110416,6.14,81.2,NULL,"NA",0.3,20833,8.07,26.3,43,25.6666666666667,NULL,0.68,0.6,13,5.8,NULL,1.2,NULL,NULL,NULL,NULL,NULL,NULL,NULL,NULL,NULL,NULL,NULL,NULL,NULL,NULL,NULL,12.44,0.031,38,0.004,1.4,NULL,0.11,10,2,NULL,NULL,50,126,102,NULL,NULL,NULL,NULL,NULL,NULL,NULL,NULL,NULL,24,NULL,NULL,NULL
GL4, , ,GTMGL4NUT,2019-08-12 10:54:00,OpenWater,Lake,2.1,5.45,88.3,NULL,"NA",0.7,46626,7.79,32,19.7,28.7,3.4,0.975609756097561,NULL,NULL,3.4,NULL,1.53,NULL,NULL,NULL,NULL,NULL,NULL,NULL,NULL,NULL,NULL,NULL,NULL,NULL,NULL,NULL,30.7,0.063,18.4,0.01,2.69,1.66,0.049,10,10,3.4,2.69,NULL,NULL,NULL,NULL,NULL,NULL,NULL,NULL,NULL,NULL,NULL,NULL,NULL,NULL,NULL,NULL
GL4, , ,GTMGL4NUT,2019-07-15 11:55:00,OpenWater,Lake,0.8,5.17,85.5,NULL,"NA",0.9,52689,8.08,30.9,15,36,NULL,0.9,NULL,NULL,1.3,NULL,NULL,NULL,NULL,NULL,NULL,NULL,NULL,NULL,NULL,NULL,NULL,NULL,NULL,NULL,NULL,NULL,34.53,NULL,13,NULL,NULL,NULL,NULL,10,2,NULL,NULL,NULL,NULL,NULL,NULL,NULL,NULL,NULL,NULL,NULL,10,NULL,NULL,NULL,NULL,NULL,NULL
GL4,30.0451,-81.3351,GTMGL4NUT,2019-04-02 11:30:00,OpenWater,Lake,3.4,5.71,69.5,NULL,"NA",0.6,31136,7.48,18.9,19.5,14.5,5.6,0.975609756097561,NULL,NULL,2.5,NULL,0.65,NULL,NULL,NULL,NULL,NULL,NULL,NULL,NULL,NULL,NULL,NULL,NULL,NULL,NULL,NULL,19.39,0.06,18,0.032,1.01,1.65,0.0325,10,10,2.5,1.04,NULL,NULL,NULL,NULL,NULL,NULL,NULL,NULL,NULL,NULL,NULL,NULL,NULL,NULL,NULL,NULL
GL4,30.0451,-81.3351,GTMGL4NUT,2018-08-08 09:09:00,OpenWater,Lake,0.8,5.13,70,NULL,"NA",0.45,12737,7.88,30.3,28.1,30,3.4,0.853658536585366,NULL,NULL,3.4,NULL,1.89,NULL,NULL,NULL,NULL,NULL,NULL,NULL,NULL,NULL,NULL,NULL,NULL,NULL,NULL,NULL,7.24,0.094,25.8,0.05,2.22,1.64,0.0672,10,10,3.4,2.25,NULL,NULL,NULL,NULL,NULL,NULL,NULL,NULL,NULL,NULL,NULL,NULL,NULL,NULL,NULL,NULL
GL4,30.0451,-81.3351,GTMGL4NUT,2018-09-06 09:48:00,OpenWater,Lake,3.5,5.72,78,0.02,"NA",0.3,12999,8.05,29.2,49,28.3,NULL,1.03658536585366,0.57,19,7.7,0.51,1.6,0.002,0.004,0.002,0.002,0.002,0.004,0.004,0.008,0.016,0.025,8e-04,0.0066,8e-04,0.008,0.02,7.43,0.034,43,0.004,1.8,NULL,0.096,10,10,NULL,NULL,37,77,110,280,17000,170,3000,2600,NULL,NULL,0.002,NULL,NULL,NULL,NULL,NULL
GL4,30.0451,-81.3351,GTMGL4NUT,2019-07-15 11:55:00,OpenWater,Lake,NULL,NULL,NULL,NULL,NULL,NULL,NULL,NULL,NULL,NULL,NULL,NULL,NULL,1.2,7.7,NULL,NULL,0.69,NULL,NULL,NULL,NULL,NULL,NULL,NULL,NULL,NULL,NULL,NULL,NULL,NULL,NULL,NULL,NULL,0.013,NULL,0.004,0.9,NULL,0.048,NULL,NULL,NULL,NULL,10,16,116,NULL,NULL,NULL,NULL,NULL,70,NULL,NULL,NULL,NULL,NULL,NULL,NULL
GL4,30.0451,-81.3351,GTMGL4NUT,2019-01-22 12:20:00,OpenWater,Lake,1.96698,9.81,79.7,NULL,"NA",0.5,12371,8.7,13.5,10.7,16.88889,2,1.15824,NULL,NULL,2,NULL,1.3,NULL,NULL,NULL,NULL,NULL,NULL,NULL,NULL,NULL,NULL,NULL,NULL,NULL,NULL,NULL,7.12,0.041,9.3,0.01,1.2,1.59,0.0344,10,9,2,1.2,NULL,NULL,NULL,NULL,NULL,NULL,NULL,NULL,NULL,NULL,NULL,NULL,NULL,NULL,NULL,NULL
GL4, , ,GTMGL4NUT,2019-12-16 09:42:00,OpenWater,Lake,0.8,11.09,128.5,NULL,"NA",0.65,30175,8.17,17,NULL,21.2,NULL,1.15,NULL,NULL,NULL,NULL,NULL,NULL,NULL,NULL,NULL,NULL,NULL,NULL,NULL,NULL,NULL,NULL,NULL,NULL,NULL,NULL,18.67,NULL,NULL,NULL,NULL,NULL,NULL,NULL,NULL,NULL,NULL,NULL,NULL,NULL,NULL,NULL,NULL,NULL,NULL,NULL,NULL,NULL,NULL,NULL,NULL,NULL,NULL
GL4,30.0451,-81.3351,GTMGL4NUT,2018-11-07 11:00:00,OpenWater,Lake,1.4,7.86,99.4,NULL,"NA",0.6,11.03,8.16,24.9,21.5,25.7,2,0.975609756097561,NULL,NULL,5.6,NULL,2.04,NULL,NULL,NULL,NULL,NULL,NULL,NULL,NULL,NULL,NULL,NULL,NULL,NULL,NULL,NULL,6.42,0.048,17.4,0.01,2.23,1.53,0.0432,10,10,2,2.23,NULL,NULL,NULL,NULL,NULL,NULL,NULL,NULL,NULL,NULL,NULL,NULL,NULL,NULL,NULL,NULL
GL4,30.0451,-81.3351,GTMGL4NUT,2019-09-10 10:32:00,OpenWater,Lake,NULL,NULL,NULL,NULL,NULL,NULL,NULL,NULL,NULL,NULL,NULL,NULL,NULL,NULL,NULL,NULL,NULL,NULL,NULL,NULL,NULL,NULL,NULL,NULL,NULL,NULL,NULL,NULL,NULL,NULL,NULL,NULL,NULL,NULL,NULL,NULL,NULL,NULL,NULL,NULL,NULL,NULL,NULL,NULL,NULL,NULL,NULL,NULL,NULL,NULL,NULL,NULL,40,NULL,NULL,NULL,NULL,NULL,NULL,NULL
GR1,30.0168,-81.3276,GTMGR1NUT,2019-02-04 10:34:00,OpenWater,River,1.4,7.29,80.3,0.0089,"NA",1,33096,7.55,14.2,NULL,14.7,NULL,1.85928,0.76,8.7,NULL,0.38,0.48,0.002,0.004,0.0058,0.002,0.002,0.004,0.004,0.008,0.016,0.045,8e-04,0.0039,0.002,0.008,0.02,20.7,0.055,NULL,0.011,0.5,NULL,0.053,NULL,NULL,NULL,NULL,5.4,7,108,NULL,NULL,NULL,NULL,NULL,NULL,NULL,0.0025,NULL,NULL,NULL,NULL,NULL
GR1,30.0168,-81.3276,GTMGR1NUT,2019-01-22 11:18:00,OpenWater,River,1.34,8.16,91,NULL,"NA",1.1,36162,7.94,13.9,5.3,12.66667,1.4,2.22504,NULL,NULL,1.6,NULL,0.67,NULL,NULL,NULL,NULL,NULL,NULL,NULL,NULL,NULL,NULL,NULL,NULL,NULL,NULL,NULL,22.86,0.066,4.1,0.019,0.5,1.5,0.0441,10,18,1.4,0.5,NULL,NULL,NULL,NULL,NULL,NULL,NULL,NULL,NULL,NULL,NULL,NULL,NULL,NULL,NULL,NULL
GR1, , ,GTMGR1NUT,2019-09-10 09:04:00,OpenWater,River,0.7,3.71,57.3,NULL,"NA",0.8,45100,7.35,29.6,5.8,29.3,NULL,1.49390243902439,1.1,123,1.2,NULL,0.014,NULL,NULL,NULL,NULL,NULL,NULL,NULL,NULL,NULL,NULL,NULL,NULL,NULL,NULL,NULL,29.05,58,5,0.074,7.8,NULL,0.82,10,16,NULL,NULL,9.1,0.69,0.08,NULL,NULL,NULL,NULL,NULL,NULL,NULL,NULL,NULL,NULL,NULL,NULL,NULL
GR1,30.0168,-81.3276,GTMGR1NUT,2018-09-06 08:34:00,OpenWater,River,3,4.17,61.4,0.014,"NA",0.6,34872,7.41,29.2,7.9,28.2,NULL,1.49390243902439,0.9,9.5,3.4,0.26,0.72,0.002,0.004,0.0055,0.0022,0.002,0.004,0.004,0.008,0.016,0.042,8e-04,0.012,8e-04,0.008,0.02,21.83,0.11,5.7,0.014,0.83,NULL,0.085,10,10,NULL,NULL,8.4,12,117,140,8400,170,1500,1300,NULL,NULL,0.0039,NULL,NULL,NULL,NULL,NULL
GR1,30.0168,-81.3276,GTMGR1NUT,2019-05-02 09:42:00,OpenWater,River,2.72686633884667,4.86,70.4,NULL,"NA",0.9,43109,7.59,26.1,16,22.7777777777778,NULL,1.64634146341463,1,18,2.2,NULL,1.1,NULL,NULL,NULL,NULL,NULL,NULL,NULL,NULL,NULL,NULL,NULL,NULL,NULL,NULL,NULL,27.71,0.014,14,0.004,1,NULL,0.051,31,7,NULL,NULL,7.1,14,114,NULL,NULL,NULL,NULL,NULL,NULL,NULL,NULL,NULL,55,NULL,NULL,NULL
GR1, , ,GTMGR1NUT,2019-07-15 10:30:00,OpenWater,River,2.8,3.22,50.7,NULL,"NA",1.2,54940,7.62,29.8,10,31,NULL,1.35,NULL,NULL,2.3,NULL,NULL,NULL,NULL,NULL,NULL,NULL,NULL,NULL,NULL,NULL,NULL,NULL,NULL,NULL,NULL,NULL,36.25,NULL,8.7,NULL,NULL,NULL,NULL,10,2,NULL,NULL,NULL,NULL,NULL,NULL,NULL,NULL,NULL,NULL,NULL,10,NULL,NULL,NULL,NULL,NULL,NULL
GR1, , ,GTMGR1NUT,2019-12-16 13:48:00,OpenWater,River,1.8,8.9,111.4,NULL,"NA",0.75,36064,7.88,19.7,NULL,23.4,NULL,1.61585365853659,NULL,NULL,NULL,NULL,NULL,NULL,NULL,NULL,NULL,NULL,NULL,NULL,NULL,NULL,NULL,NULL,NULL,NULL,NULL,NULL,22.81,NULL,NULL,NULL,NULL,NULL,NULL,NULL,NULL,NULL,NULL,NULL,NULL,NULL,NULL,NULL,NULL,NULL,NULL,NULL,NULL,NULL,NULL,NULL,NULL,NULL,NULL
GR1,30.0168,-81.3276,GTMGR1NUT,2018-08-08 08:21:00,OpenWater,River,2.4,3.86,55.5,NULL,"NA",0.6,26811,7.56,29.6,15.7,28.5,2.5,1.28048780487805,NULL,NULL,4.3,NULL,1.3,NULL,NULL,NULL,NULL,NULL,NULL,NULL,NULL,NULL,NULL,NULL,NULL,NULL,NULL,NULL,15.99,0.051,12.7,0.05,1.1,1.52,0.0788,10,30,2,1.1,NULL,NULL,NULL,NULL,NULL,NULL,NULL,NULL,NULL,NULL,NULL,NULL,NULL,NULL,NULL,NULL
GR1, , ,GTMGR1NUT,2019-10-14 11:34:00,OpenWater,River,1.4,4.89,70.9,NULL,"NA",0.9,46499,7.45,26,5.7,28,3.4,2.10365853658537,NULL,NULL,3.4,NULL,0.7,NULL,NULL,NULL,NULL,NULL,NULL,NULL,NULL,NULL,NULL,NULL,NULL,NULL,NULL,NULL,30.16,0.052,4.9,0.011,1.04,1.57,0.0424,10,10,3.4,1.05,NULL,NULL,NULL,NULL,NULL,NULL,NULL,NULL,NULL,NULL,NULL,NULL,NULL,NULL,NULL,NULL
GR1,30.0168,-81.3276,GTMGR1NUT,2019-03-04 09:48:00,OpenWater,River,3.26339,5.15,66,NULL,"NA",0.55,33858,7.35,21.1,6.7,20.77778,2,1.64592,NULL,NULL,2.7,NULL,0.45,NULL,NULL,NULL,NULL,NULL,NULL,NULL,NULL,NULL,NULL,NULL,NULL,NULL,NULL,NULL,21.22,0.107,4.9,0.016,0.63,1.45,0.0567,10,18,2,0.65,NULL,NULL,NULL,NULL,NULL,NULL,NULL,NULL,NULL,NULL,NULL,NULL,NULL,NULL,NULL,NULL
GR1, , ,GTMGR1NUT,2019-08-12 09:35:00,OpenWater,River,0.7,3.2,50.7,NULL,"NA",0.9,49182,7.38,31.1,9,30.8,2.5,1.52439024390244,NULL,NULL,2.5,NULL,1.17,NULL,NULL,NULL,NULL,NULL,NULL,NULL,NULL,NULL,NULL,NULL,NULL,NULL,NULL,NULL,31.95,0.017,7.3,0.01,1.46,1.53,0.0562,10,10,2.5,1.46,NULL,NULL,NULL,NULL,NULL,NULL,NULL,NULL,NULL,NULL,NULL,NULL,NULL,NULL,NULL,NULL
GR1,30.0168,-81.3276,GTMGR1NUT,2018-07-11 09:59:00,OpenWater,River,4.7,3.59,52.8,NULL,"NA",1,33680,7.12,29.5,14,28.8,NULL,1.43292682926829,0.91,12,2.9,NULL,0.73,NULL,NULL,NULL,NULL,NULL,NULL,NULL,NULL,NULL,NULL,NULL,NULL,NULL,NULL,NULL,21,0.052,12,0.008,1,NULL,0.1,10,10,NULL,NULL,6.8,10,116,NULL,NULL,NULL,NULL,NULL,NULL,NULL,NULL,NULL,NULL,NULL,NULL,NULL
GR1,30.0168,-81.3276,GTMGR1NUT,2018-12-05 09:27:00,OpenWater,River,4.8,6.21,74.1,NULL,"NA",0.9,38915,7.56,16.7,5.1,10,NULL,1.73736,0.93,8.8,1.3,NULL,0.65,NULL,NULL,NULL,NULL,NULL,NULL,NULL,NULL,NULL,NULL,NULL,NULL,NULL,NULL,NULL,24.72,0.055,4.1,0.009,0.79,NULL,0.052,30,10,NULL,NULL,6.2,9,114,NULL,NULL,NULL,NULL,NULL,NULL,NULL,NULL,22900,NULL,22,13000,1900
GR1,30.0168,-81.3276,GTMGR1NUT,2019-04-02 10:20:00,OpenWater,River,2.8,6.09,75.9,NULL,"NA",0.85,42052,7.32,18.6,5.3,14.3,2,1.92073170731707,NULL,NULL,2,NULL,0.53,NULL,NULL,NULL,NULL,NULL,NULL,NULL,NULL,NULL,NULL,NULL,NULL,NULL,NULL,NULL,27.06,0.079,4.2,0.011,0.5,1.51,0.0449,20,10,2,0.5,NULL,NULL,NULL,NULL,NULL,NULL,NULL,NULL,NULL,NULL,NULL,NULL,NULL,NULL,NULL,NULL
GR1,30.0168,-81.3276,GTMGR1NUT,2018-10-22 09:37:00,OpenWater,River,4.1,4.93,69.1,NULL,"NA",1.1,47515,7.51,22.6,5.7,24.1,2,1.70731707317073,NULL,NULL,2,NULL,1.26,NULL,NULL,NULL,NULL,NULL,NULL,NULL,NULL,NULL,NULL,NULL,NULL,NULL,NULL,NULL,30.96,0.125,4.4,0.02,0.78,1.48,0.15,10,10,2,0.8,NULL,NULL,NULL,NULL,NULL,NULL,NULL,NULL,NULL,NULL,NULL,NULL,NULL,NULL,NULL,NULL
GR1,30.0168,-81.3276,GTMGR1NUT,2018-11-07 11:05:00,OpenWater,River,0.4,3.72,52.7,NULL,"NA",1.1,44843,7.33,24.9,7.8,28.3,1.5,2.07317073170732,NULL,NULL,2.7,NULL,1.14,NULL,NULL,NULL,NULL,NULL,NULL,NULL,NULL,NULL,NULL,NULL,NULL,NULL,NULL,NULL,28.92,0.159,6,0.013,0.66,1.48,0.0698,10,50,1.5,0.67,NULL,NULL,NULL,NULL,NULL,NULL,NULL,NULL,NULL,NULL,NULL,NULL,NULL,NULL,NULL,NULL
GR1, , ,GTMGR1NUT,2019-11-12 10:20:00,OpenWater,River,2.1,5.76,76.9,NULL,"NA",1.4,45699,7.52,21.1,3.2,23.1,2.3,2.2,NULL,NULL,2.3,NULL,0.39,NULL,NULL,NULL,NULL,NULL,NULL,NULL,NULL,NULL,NULL,NULL,NULL,NULL,NULL,NULL,29.68,0.027,2.8,0.01,0.66,1.58,0.039,10,18,2.3,0.67,NULL,NULL,NULL,NULL,NULL,NULL,NULL,NULL,NULL,NULL,NULL,NULL,NULL,NULL,NULL,NULL
GR1,30.0168,-81.3276,GTMGR1NUT,2019-06-03 11:16:00,OpenWater,River,1.87751452838623,3.91,64.4,NULL,"NA",0.8,56888,7.68,29.9,12.7,30.4444444444444,3.4,1.61585365853659,NULL,NULL,3.4,NULL,0.9,NULL,NULL,NULL,NULL,NULL,NULL,NULL,NULL,NULL,NULL,NULL,NULL,NULL,NULL,NULL,37.7,0.021,11,0.008,0.6,1.58,0.0664,10,10,3.4,0.6,NULL,NULL,NULL,NULL,NULL,NULL,NULL,NULL,NULL,NULL,NULL,NULL,NULL,NULL,NULL,NULL
GR1,30.0168,-81.3276,GTMGR1NUT,2019-07-15 10:30:00,OpenWater,River,NULL,NULL,NULL,NULL,NULL,NULL,NULL,NULL,NULL,NULL,NULL,NULL,NULL,1.3,5.1,NULL,NULL,0.51,NULL,NULL,NULL,NULL,NULL,NULL,NULL,NULL,NULL,NULL,NULL,NULL,NULL,NULL,NULL,NULL,0.033,NULL,0.004,0.69,NULL,0.08,NULL,NULL,NULL,NULL,6.8,11,128,NULL,NULL,NULL,NULL,NULL,73,NULL,NULL,NULL,NULL,NULL,NULL,NULL
GR1,30.0168,-81.3276,GTMGR1NUT,2019-09-10 09:04:00,OpenWater,River,NULL,NULL,NULL,NULL,NULL,NULL,NULL,NULL,NULL,NULL,NULL,NULL,NULL,NULL,NULL,NULL,NULL,NULL,NULL,NULL,NULL,NULL,NULL,NULL,NULL,NULL,NULL,NULL,NULL,NULL,NULL,NULL,NULL,NULL,NULL,NULL,NULL,NULL,NULL,NULL,NULL,NULL,NULL,NULL,NULL,NULL,NULL,NULL,NULL,NULL,NULL,NULL,22,NULL,NULL,NULL,NULL,NULL,NULL,NULL
GR3,29.9921,-81.3214,GTMGR3NUT,2018-09-06 07:48:00,OpenWater,River,3.9,4.57,68.3,0.016,"NA",0.9,39340,7.42,29,5.4,28.6,NULL,3.17073170731707,0.94,7.9,1.3,0.22,0.56,0.002,0.004,0.007,0.0032,0.002,0.004,0.004,0.008,0.016,0.044,8e-04,0.016,8e-04,0.008,0.02,25.02,0.058,4.4,0.037,0.49,NULL,0.069,10,10,NULL,NULL,6.3,10,114,140,8400,170,1500,1300,NULL,NULL,0.0037,NULL,NULL,NULL,NULL,NULL
GR3, , ,GTMGR3NUT,2019-10-14 10:57:00,OpenWater,River,1.1,6.16,91.1,NULL,"NA",1.1,49146,7.71,26,6.8,28.2,4,3.71951219512195,NULL,NULL,4,NULL,0.64,NULL,NULL,NULL,NULL,NULL,NULL,NULL,NULL,NULL,NULL,NULL,NULL,NULL,NULL,NULL,32.09,0.027,6,0.01,0.8,1.6,0.0328,10,10,4,0.8,NULL,NULL,NULL,NULL,NULL,NULL,NULL,NULL,NULL,NULL,NULL,NULL,NULL,NULL,NULL,NULL
GR3,29.9921,-81.3214,GTMGR3NUT,2018-07-11 09:03:00,OpenWater,River,3,4.68,70.4,NULL,"NA",1,39222,7.17,29.2,9.7,27.1,NULL,3.04878048780488,1,8.4,2.3,NULL,0.62,NULL,NULL,NULL,NULL,NULL,NULL,NULL,NULL,NULL,NULL,NULL,NULL,NULL,NULL,NULL,24.86,0.02,8,0.013,0.67,NULL,0.067,10,10,NULL,NULL,6,9,115,NULL,NULL,NULL,NULL,NULL,NULL,NULL,NULL,NULL,NULL,NULL,NULL,NULL
GR3,29.9921,-81.3214,GTMGR3NUT,2019-04-02 09:41:00,OpenWater,River,"NA",6.65,85.6,NULL,"NA",1.3,47338,7.5,18.7,5.1,14.9,1.7,3.53658536585366,NULL,NULL,1.2,NULL,0.42,NULL,NULL,NULL,NULL,NULL,NULL,NULL,NULL,NULL,NULL,NULL,NULL,NULL,NULL,NULL,30.87,0.042,4.4,0.01,0.5,1.59,0.0363,10,10,1.2,0.5,NULL,NULL,NULL,NULL,NULL,NULL,NULL,NULL,NULL,NULL,NULL,NULL,NULL,NULL,NULL,NULL
GR3,29.9921,-81.3214,GTMGR3NUT,2019-06-03 10:49:00,OpenWater,River,1.43048725972284,4.98,79.7,NULL,"NA",0.9,57119,7.46,29.3,5.9,29.5,4,3.23170731707317,NULL,NULL,4,NULL,0.55,NULL,NULL,NULL,NULL,NULL,NULL,NULL,NULL,NULL,NULL,NULL,NULL,NULL,NULL,NULL,37.89,0.018,4.9,0.008,0.4,1.55,0.0282,10,10,4,0.5,NULL,NULL,NULL,NULL,NULL,NULL,NULL,NULL,NULL,NULL,NULL,NULL,NULL,NULL,NULL,NULL
GR3,29.9921,-81.3214,GTMGR3NUT,2019-05-02 09:10:00,OpenWater,River,4.33616450603487,5.4,80.6,NULL,"NA",1.2,53077,7.74,25.5,7.1,25,NULL,3.20121951219512,1.2,2.7,2.1,NULL,0.42,NULL,NULL,NULL,NULL,NULL,NULL,NULL,NULL,NULL,NULL,NULL,NULL,NULL,NULL,NULL,34.96,0.005,6.5,0.004,0.42,NULL,0.039,10,2,NULL,NULL,4.7,11,119,NULL,NULL,NULL,NULL,NULL,NULL,NULL,NULL,NULL,70,NULL,NULL,NULL
GR3,29.9921,-81.3214,GTMGR3NUT,2018-08-08 07:50:00,OpenWater,River,0.4,4.66,68.7,NULL,"NA",0.8,31927,7.61,30.1,12.2,27.7,2.2,2.74390243902439,NULL,NULL,2,NULL,0.97,NULL,NULL,NULL,NULL,NULL,NULL,NULL,NULL,NULL,NULL,NULL,NULL,NULL,NULL,NULL,19.93,0.056,10.7,0.05,1.05,1.6,0.0586,10,10,2,1.08,NULL,NULL,NULL,NULL,NULL,NULL,NULL,NULL,NULL,NULL,NULL,NULL,NULL,NULL,NULL,NULL
GR3, , ,GTMGR3NUT,2019-09-10 08:30:00,OpenWater,River,0.9,4.63,71,NULL,"NA",1.3,45880,7.57,29,8.2,28.9,NULL,3.17073170731707,1.1,118,0.75,NULL,6.7,NULL,NULL,NULL,NULL,NULL,NULL,NULL,NULL,NULL,NULL,NULL,NULL,NULL,NULL,NULL,29.66,58,7.5,0.038,0.059,NULL,0.58,10,10,NULL,NULL,5.4,0.51,0.024,NULL,NULL,NULL,NULL,NULL,NULL,NULL,NULL,NULL,NULL,NULL,NULL,NULL
GR3,29.9921,-81.3214,GTMGR3NUT,2019-01-22 10:41:00,OpenWater,River,2.50342,8.12,97.3,NULL,"NA",1.2,49751,8.11,14.5,7.5,11.88889,1.4,4.17576,NULL,NULL,2.7,NULL,0.55,NULL,NULL,NULL,NULL,NULL,NULL,NULL,NULL,NULL,NULL,NULL,NULL,NULL,NULL,NULL,32.55,0.041,5.7,0.05,0.58,1.48,0.05,10,10,1,0.63,NULL,NULL,NULL,NULL,NULL,NULL,NULL,NULL,NULL,NULL,NULL,NULL,NULL,NULL,NULL,NULL
GR3,29.9921,-81.3214,GTMGR3NUT,2018-10-22 09:09:00,OpenWater,River,4,5.17,74.6,NULL,"NA",1.2,51376,7.81,24.8,6.8,24.1,2,3.53658536585366,NULL,NULL,2,NULL,0.83,NULL,NULL,NULL,NULL,NULL,NULL,NULL,NULL,NULL,NULL,NULL,NULL,NULL,NULL,NULL,33.73,0.066,5.9,0.023,0.5,1.59,0.05,10,10,2,0.5,NULL,NULL,NULL,NULL,NULL,NULL,NULL,NULL,NULL,NULL,NULL,NULL,NULL,NULL,NULL,NULL
GR3, , ,GTMGR3NUT,2019-08-12 09:00:00,OpenWater,River,0.9,4.89,77.7,NULL,"NA",1.5,50672,7.3,30,8,28.6,1.4,3.10975609756098,NULL,NULL,1.7,NULL,0.76,NULL,NULL,NULL,NULL,NULL,NULL,NULL,NULL,NULL,NULL,NULL,NULL,NULL,NULL,NULL,33.08,0.027,6.7,0.01,1.37,1.56,0.0342,10,10,1.4,1.37,NULL,NULL,NULL,NULL,NULL,NULL,NULL,NULL,NULL,NULL,NULL,NULL,NULL,NULL,NULL,NULL
GR3,29.9921,-81.3214,GTMGR3NUT,2019-02-04 09:47:00,OpenWater,River,3,7.9,89.8,0.0062,"NA",1.4,40942,7.72,13.8,NULL,13.8,NULL,3.44424,0.92,6.2,NULL,0.19,0.36,0.002,0.004,0.005,0.002,0.002,0.004,0.004,0.008,0.016,0.029,8e-04,0.0031,0.002,0.008,0.02,26.29,0.019,NULL,0.008,0.36,NULL,0.041,NULL,NULL,NULL,NULL,3,5,108,NULL,NULL,NULL,NULL,NULL,NULL,NULL,0.0023,NULL,NULL,NULL,NULL,NULL
GR3, , ,GTMGR3NUT,2019-11-12 09:45:00,OpenWater,River,2.3,6.35,85.9,NULL,"NA",1.7,47862,7.69,21.2,4.5,21.9,2,3.9,NULL,NULL,2,NULL,0.53,NULL,NULL,NULL,NULL,NULL,NULL,NULL,NULL,NULL,NULL,NULL,NULL,NULL,NULL,NULL,31.23,0.022,4.1,0.01,0.5,1.62,0.034,10,10,2,0.5,NULL,NULL,NULL,NULL,NULL,NULL,NULL,NULL,NULL,NULL,NULL,NULL,NULL,NULL,NULL,NULL
GR3, , ,GTMGR3NUT,2019-07-15 09:45:00,OpenWater,River,2,4.55,72.3,NULL,"NA",1.3,55543,7.29,28.9,8.3,29.9,NULL,3.2,NULL,NULL,1.7,NULL,NULL,NULL,NULL,NULL,NULL,NULL,NULL,NULL,NULL,NULL,NULL,NULL,NULL,NULL,NULL,NULL,36.73,NULL,7,NULL,NULL,NULL,NULL,10,2,NULL,NULL,NULL,NULL,NULL,NULL,NULL,NULL,NULL,NULL,NULL,31,NULL,NULL,NULL,NULL,NULL,NULL
GR3,29.9921,-81.3214,GTMGR3NUT,2018-12-05 08:42:00,OpenWater,River,5.5,6.81,87.8,NULL,"NA",1.2,50713,7.81,18,6.2,8.5,NULL,3.13914,1.2,3.9,0.73,NULL,0.44,NULL,NULL,NULL,NULL,NULL,NULL,NULL,NULL,NULL,NULL,NULL,NULL,NULL,NULL,NULL,33.34,0.017,5.6,0.012,0.42,NULL,0.039,10,9,NULL,NULL,4.1,10,116,NULL,NULL,NULL,NULL,NULL,NULL,NULL,NULL,31400,NULL,8.7,18000,2600
GR3,29.9921,-81.3214,GTMGR3NUT,2019-03-04 09:12:00,OpenWater,River,1.87757,6.52,84.4,NULL,"NA",0.95,42270,7.5,20.1,5.1,20.5556,2,3.048,NULL,NULL,2,NULL,0.2,NULL,NULL,NULL,NULL,NULL,NULL,NULL,NULL,NULL,NULL,NULL,NULL,NULL,NULL,NULL,27.22,0.056,4.4,0.02,0.5,1.58,0.032,10,10,2,0.5,NULL,NULL,NULL,NULL,NULL,NULL,NULL,NULL,NULL,NULL,NULL,NULL,NULL,NULL,NULL,NULL
GR3, , ,GTMGR3NUT,2019-12-16 13:08:00,OpenWater,River,3.3,7.8,102.3,NULL,"NA",1.25,47886,7.74,19.5,NULL,23.2,NULL,3.35365853658537,NULL,NULL,NULL,NULL,NULL,NULL,NULL,NULL,NULL,NULL,NULL,NULL,NULL,NULL,NULL,NULL,NULL,NULL,NULL,NULL,31.27,NULL,NULL,NULL,NULL,NULL,NULL,NULL,NULL,NULL,NULL,NULL,NULL,NULL,NULL,NULL,NULL,NULL,NULL,NULL,NULL,NULL,NULL,NULL,NULL,NULL,NULL
GR3,29.9921,-81.3214,GTMGR3NUT,2018-11-07 09:42:00,OpenWater,River,0,5.89,85.1,NULL,NULL,1.5,51887,7.74,24.3,5.4,27.3,1.4,3.8109756097561,NULL,NULL,1.4,NULL,0.99,NULL,NULL,NULL,NULL,NULL,NULL,NULL,NULL,NULL,NULL,NULL,NULL,NULL,NULL,NULL,34.11,0.061,4.5,0.015,0.5,1.56,0.0342,10,10,1.4,0.05,NULL,NULL,NULL,NULL,NULL,NULL,NULL,NULL,NULL,NULL,NULL,NULL,NULL,NULL,NULL,NULL
GR3,29.9921,-81.3214,GTMGR3NUT,2019-07-15 09:45:00,OpenWater,River,NULL,NULL,NULL,NULL,NULL,NULL,NULL,NULL,NULL,NULL,NULL,NULL,NULL,1.3,3.2,NULL,NULL,0.37,NULL,NULL,NULL,NULL,NULL,NULL,NULL,NULL,NULL,NULL,NULL,NULL,NULL,NULL,NULL,NULL,0.01,NULL,0.004,0.45,NULL,0.05,NULL,NULL,NULL,NULL,5.9,12,125,NULL,NULL,NULL,NULL,NULL,73,NULL,NULL,NULL,NULL,NULL,NULL,NULL
GR3,29.9921,-81.3214,GTMGR3NUT,2019-09-10 08:30:00,OpenWater,River,NULL,NULL,NULL,NULL,NULL,NULL,NULL,NULL,NULL,NULL,NULL,NULL,NULL,NULL,NULL,NULL,NULL,NULL,NULL,NULL,NULL,NULL,NULL,NULL,NULL,NULL,NULL,NULL,NULL,NULL,NULL,NULL,NULL,NULL,NULL,NULL,NULL,NULL,NULL,NULL,NULL,NULL,NULL,NULL,NULL,NULL,NULL,NULL,NULL,NULL,NULL,NULL,9,NULL,NULL,NULL,NULL,NULL,NULL,NULL
Guana River,29.998466,-81.326133,GTMGRNUT,2019-02-04 10:10:00,OpenWater,River,3.9,8.08,90.6,0.0087,"NA",1.3,37323,7.66,13.8,NULL,13.8,NULL,4.99872,0.83,7.9,NULL,0.3,0.43,0.002,0.004,0.0067,0.002,0.002,0.004,0.004,0.008,0.016,0.042,8e-04,0.0043,0.002,0.008,0.02,23.74,0.03,NULL,0.012,0.41,NULL,0.044,NULL,NULL,NULL,NULL,4,7,105,NULL,NULL,NULL,NULL,NULL,NULL,NULL,0.0059,NULL,NULL,NULL,NULL,NULL
Guana River, , ,GTMGRNUT,2019-09-10 08:45:00,OpenWater,River,0.6,4.52,69.2,NULL,"NA",1,44415,7.51,29.2,9.2,29.9,NULL,4.17682926829268,1,118,1.4,NULL,7.2,NULL,NULL,NULL,NULL,NULL,NULL,NULL,NULL,NULL,NULL,NULL,NULL,NULL,NULL,NULL,28.57,57,8.1,0.046,0.072,NULL,0.62,10,8,NULL,NULL,6,0.6,0.025,NULL,NULL,NULL,NULL,NULL,NULL,NULL,NULL,NULL,NULL,NULL,NULL,NULL
Guana River,29.998466,-81.326133,GTMGRNUT,2018-12-05 09:06:00,OpenWater,River,5.5,6.63,83.1,NULL,"NA",1.1,46448,7.72,17.4,4.8,8.9,NULL,4.66344,1.1,5.2,0.92,NULL,0.46,NULL,NULL,NULL,NULL,NULL,NULL,NULL,NULL,NULL,NULL,NULL,NULL,NULL,NULL,NULL,30.2,0.03,4.1,0.012,0.53,NULL,0.048,10,10,NULL,NULL,5,8,113,NULL,NULL,NULL,NULL,NULL,NULL,NULL,NULL,28800,NULL,11,16000,2300
Guana River, , ,GTMGRNUT,2019-08-12 09:16:00,OpenWater,River,0.9,3.99,63.2,NULL,"NA",1,49200,7.39,30.1,12.4,28.8,2.5,3.44512195121951,NULL,NULL,2.8,NULL,1.21,NULL,NULL,NULL,NULL,NULL,NULL,NULL,NULL,NULL,NULL,NULL,NULL,NULL,NULL,NULL,31.98,0.023,10.4,0.01,1.11,1.55,0.0503,10,10,2.5,1.11,NULL,NULL,NULL,NULL,NULL,NULL,NULL,NULL,NULL,NULL,NULL,NULL,NULL,NULL,NULL,NULL
Guana River,29.998466,-81.326133,GTMGRNUT,2019-01-22 11:00:00,OpenWater,River,2.503,8.23,96.6,NULL,"NA",1.3,44634,8.07,14.4,6.9,11.94444,1.4,5.69976,NULL,NULL,2.5,NULL,0.44,NULL,NULL,NULL,NULL,NULL,NULL,NULL,NULL,NULL,NULL,NULL,NULL,NULL,NULL,NULL,28.82,0.038,5.1,0.1,1.03,1.47,0.05,10,9,1,0.5,NULL,NULL,NULL,NULL,NULL,NULL,NULL,NULL,NULL,NULL,NULL,NULL,NULL,NULL,NULL,NULL
Guana River,29.998466,-81.326133,GTMGRNUT,2019-05-02 09:25:00,OpenWater,River,3.62092087617345,5.56,82.1,NULL,"NA",1.2,50886,7.77,25.9,8.3,22.7777777777778,NULL,4.84756097560976,1.1,3.6,1.6,NULL,0.37,NULL,NULL,NULL,NULL,NULL,NULL,NULL,NULL,NULL,NULL,NULL,NULL,NULL,NULL,NULL,33.38,0.008,7.1,0.004,0.45,NULL,0.047,10,2,NULL,NULL,5.1,16,117,NULL,NULL,NULL,NULL,NULL,NULL,NULL,NULL,NULL,69,NULL,NULL,NULL
Guana River, , ,GTMGRNUT,2019-07-15 10:10:00,OpenWater,River,2.7,4.72,75.5,NULL,"NA",1.2,54860,7.53,29.5,9.8,31.5,NULL,4.3,NULL,NULL,1.3,NULL,NULL,NULL,NULL,NULL,NULL,NULL,NULL,NULL,NULL,NULL,NULL,NULL,NULL,NULL,NULL,NULL,36.2,NULL,8.7,NULL,NULL,NULL,NULL,10,3,NULL,NULL,NULL,NULL,NULL,NULL,NULL,NULL,NULL,NULL,NULL,52,NULL,NULL,NULL,NULL,NULL,NULL
Guana River,29.998466,-81.326133,GTMGRNUT,2017-10-18 10:39:00,OpenWater,River,4,5.91,74.9,NULL,"NA",0.31,35017,7.06,24.3,5.8,26.4,3.4,NULL,NULL,NULL,3.4,NULL,NULL,NULL,NULL,NULL,NULL,NULL,NULL,NULL,NULL,NULL,NULL,NULL,NULL,NULL,NULL,NULL,22.03,NULL,4,0.049,1.33,1.43,0.0878,52,150,3.4,1.38,NULL,NULL,NULL,NULL,NULL,NULL,NULL,NULL,NULL,NULL,NULL,NULL,NULL,NULL,NULL,NULL
Guana River,29.998466,-81.326133,GTMGRNUT,2017-08-03 08:39:00,OpenWater,River,5.81594,3.12,39.43,NULL,"NA",0.673,40341,6.87,27.5,6,29.2777777777778,3.4,NULL,NULL,NULL,3.4,NULL,NULL,NULL,NULL,NULL,NULL,NULL,NULL,NULL,NULL,NULL,NULL,NULL,NULL,NULL,NULL,NULL,25.73,NULL,4.5,0.032,0.89,1.46,0.0604,37,11,3.4,0.92,NULL,NULL,NULL,NULL,NULL,NULL,NULL,NULL,NULL,NULL,NULL,NULL,NULL,NULL,NULL,NULL
Guana River,29.998466,-81.326133,GTMGRNUT,2019-03-04 09:30:00,OpenWater,River,3.12928,6.29,80.9,NULL,"NA",0.875,38583,7.48,20.6,5.2,20.77778,2,4.8768,NULL,NULL,2,NULL,0.14,NULL,NULL,NULL,NULL,NULL,NULL,NULL,NULL,NULL,NULL,NULL,NULL,NULL,NULL,NULL,24.69,0.069,4.7,0.018,0.5,1.6,0.0372,10,10,2,0.51,NULL,NULL,NULL,NULL,NULL,NULL,NULL,NULL,NULL,NULL,NULL,NULL,NULL,NULL,NULL,NULL
Guana River, , ,GTMGRNUT,2019-10-14 11:15:00,OpenWater,River,1.7,5.79,85.7,NULL,"NA",1,48458,7.66,26.2,6.9,29.9,4,4.51219512195122,NULL,NULL,4,NULL,0.51,NULL,NULL,NULL,NULL,NULL,NULL,NULL,NULL,NULL,NULL,NULL,NULL,NULL,NULL,NULL,31.57,0.048,6.7,0.01,0.57,1.72,0.0343,10,10,4,0.58,NULL,NULL,NULL,NULL,NULL,NULL,NULL,NULL,NULL,NULL,NULL,NULL,NULL,NULL,NULL,NULL
Guana River,29.998466,-81.326133,GTMGRNUT,2019-06-03 11:02:00,OpenWater,River,0.983459991059455,4.89,79.6,NULL,"NA",0.9,57136,7.72,29.7,6.5,35.2777777777778,4,4.75609756097561,NULL,NULL,4,NULL,0.73,NULL,NULL,NULL,NULL,NULL,NULL,NULL,NULL,NULL,NULL,NULL,NULL,NULL,NULL,NULL,37.91,0.02,5.7,0.008,0.28,1.58,0.0406,10,10,4,0.5,NULL,NULL,NULL,NULL,NULL,NULL,NULL,NULL,NULL,NULL,NULL,NULL,NULL,NULL,NULL,NULL
Guana River,29.998466,-81.326133,GTMGRNUT,2017-09-20 11:39:00,OpenWater,River,4.02642,3.15,41.66,NULL,NULL,0.353,26453,6.97,29.9,19,31.6111111111111,10,NULL,NULL,NULL,10,NULL,NULL,NULL,NULL,NULL,NULL,NULL,NULL,NULL,NULL,NULL,NULL,NULL,NULL,NULL,NULL,NULL,16.09,NULL,17,0.025,1.1,1.62,0.118,5,40,10,1.13,NULL,NULL,NULL,NULL,NULL,NULL,NULL,NULL,NULL,NULL,NULL,NULL,NULL,NULL,NULL,NULL
Guana River, , ,GTMGRNUT,2019-12-16 13:30:00,OpenWater,River,1.8,7.8,101.4,NULL,"NA",1,45233,7.7,19.7,NULL,24.3,NULL,4.14634146341463,NULL,NULL,NULL,NULL,NULL,NULL,NULL,NULL,NULL,NULL,NULL,NULL,NULL,NULL,NULL,NULL,NULL,NULL,NULL,NULL,29.35,NULL,NULL,NULL,NULL,NULL,NULL,NULL,NULL,NULL,NULL,NULL,NULL,NULL,NULL,NULL,NULL,NULL,NULL,NULL,NULL,NULL,NULL,NULL,NULL,NULL,NULL
Guana River,29.998466,-81.326133,GTMGRNUT,2018-04-24 07:32:00,OpenWater,River,1.5,5.87,78.6,NULL,"NA",0.8,44381,6.96,21.7,5.7,19.7,2.5,4.39024390243902,NULL,NULL,2.5,NULL,0.48,NULL,NULL,NULL,NULL,NULL,NULL,NULL,NULL,NULL,NULL,NULL,NULL,NULL,NULL,NULL,28.69,0.064,4.7,0.05,0.5,1.54,0.0413,10,10,2.5,0.5,NULL,NULL,NULL,NULL,NULL,NULL,NULL,NULL,NULL,NULL,NULL,NULL,NULL,NULL,NULL,NULL
Guana River,29.998466,-81.326133,GTMGRNUT,2018-02-14 08:57:00,OpenWater,River,12.30295,7.5,90.9,NULL,"NA",0.9,39976,6.62,17.2,6.4,16,1.5,NULL,NULL,NULL,1.5,NULL,0.82,NULL,NULL,NULL,NULL,NULL,NULL,NULL,NULL,NULL,NULL,NULL,NULL,NULL,NULL,NULL,25.57,0.054,5.3,0.045,0.5,1.55,0.0488,10,6,1.5,0.55,NULL,NULL,NULL,NULL,NULL,NULL,NULL,NULL,NULL,NULL,NULL,NULL,NULL,NULL,NULL,NULL
Guana River,29.998466,-81.326133,GTMGRNUT,2017-07-20 09:15:00,OpenWater,River,1.4,1.34,NULL,NULL,"NA",0.91,47692,7.27,30,7.6,28,2,NULL,NULL,NULL,2.2,NULL,NULL,NULL,NULL,NULL,NULL,NULL,NULL,NULL,NULL,NULL,NULL,NULL,NULL,NULL,NULL,NULL,30.9,NULL,6,0.016,0.83,1.51,0.0599,10,8,2,0.85,NULL,NULL,NULL,NULL,NULL,NULL,NULL,NULL,NULL,NULL,NULL,NULL,NULL,NULL,NULL,NULL
Guana River,29.998466,-81.326133,GTMGRNUT,2018-05-30 11:09:00,OpenWater,River,1,5.24,79,NULL,"NA",1,50680,7.66,26.8,10.4,26.8,2.3,4.81707317073171,NULL,NULL,2.3,NULL,0.62,NULL,NULL,NULL,NULL,NULL,NULL,NULL,NULL,NULL,NULL,NULL,NULL,NULL,NULL,NULL,33.13,0.058,9,0.053,0.5,1.58,0.0431,20,5,2.3,0.5,NULL,NULL,NULL,NULL,NULL,NULL,NULL,NULL,NULL,NULL,NULL,NULL,NULL,NULL,NULL,NULL
Guana River,29.998466,-81.326133,GTMGRNUT,2018-09-06 08:11:00,OpenWater,River,2.1,4.73,70,0.014,"NA",0.8,36840,7.44,29.1,5.7,28.3,NULL,4.26829268292683,0.92,8.3,1.7,0.22,0.61,0.002,0.004,0.0064,0.0034,0.002,0.004,0.004,0.008,0.016,0.05,8e-04,0.012,8e-04,0.008,0.02,23.21,0.075,4.5,0.035,0.61,NULL,0.076,10,10,NULL,NULL,7,10,114,140,8400,170,1500,1300,NULL,NULL,0.0038,NULL,NULL,NULL,NULL,NULL
Guana River,29.998466,-81.326133,GTMGRNUT,2018-03-28 08:29:00,OpenWater,River,0,7.09,91.1,NULL,NULL,1.3,48549,7.32,18.3,5.5,19.2,1.4,5.30487804878049,NULL,NULL,1.4,NULL,0.64,NULL,NULL,NULL,NULL,NULL,NULL,NULL,NULL,NULL,NULL,NULL,NULL,NULL,NULL,NULL,31.73,0.036,4.6,0.054,0.52,1.56,0.0294,10,2,1.4,0.57,NULL,NULL,NULL,NULL,NULL,NULL,NULL,NULL,NULL,NULL,NULL,NULL,NULL,NULL,NULL,NULL
Guana River,29.998466,-81.326133,GTMGRNUT,2018-10-22 09:25:00,OpenWater,River,4.6,5.21,75.9,NULL,NULL,1.3,49812,7.71,24.6,6.5,24.1,2,4.63414634146341,NULL,NULL,2,NULL,0.79,NULL,NULL,NULL,NULL,NULL,NULL,NULL,NULL,NULL,NULL,NULL,NULL,NULL,NULL,NULL,32.6,0.083,5.5,0.026,0.89,1.57,0.05,10,10,2,0.91,NULL,NULL,NULL,NULL,NULL,NULL,NULL,NULL,NULL,NULL,NULL,NULL,NULL,NULL,NULL,NULL
Guana River, , ,GTMGRNUT,2019-11-12 10:00:00,OpenWater,River,1.4,6.4,86.5,NULL,"NA",1.6,47512,7.67,21.3,3.4,23.8,2.3,5,NULL,NULL,2.3,NULL,0.59,NULL,NULL,NULL,NULL,NULL,NULL,NULL,NULL,NULL,NULL,NULL,NULL,NULL,NULL,NULL,30.97,0.035,3.1,0.01,0.5,1.64,0.028,10,10,2.3,0.5,NULL,NULL,NULL,NULL,NULL,NULL,NULL,NULL,NULL,NULL,NULL,NULL,NULL,NULL,NULL,NULL
Guana River,29.998466,-81.326133,GTMGRNUT,2018-06-11 09:08:00,OpenWater,River,1.1,4.34,62.9,NULL,"NA",0.8,36884,7.46,27.9,10.2,27.4,2.5,4.17682926829268,NULL,NULL,2.5,NULL,0.84,NULL,NULL,NULL,NULL,NULL,NULL,NULL,NULL,NULL,NULL,NULL,NULL,NULL,NULL,NULL,23.26,0.106,8.5,0.048,0.91,1.55,0.0668,10,10,2.5,0.95,NULL,NULL,NULL,NULL,NULL,NULL,NULL,NULL,NULL,NULL,NULL,NULL,NULL,NULL,NULL,NULL
Guana River,29.998466,-81.326133,GTMGRNUT,2019-07-15 10:10:00,OpenWater,River,NULL,NULL,NULL,NULL,NULL,NULL,NULL,NULL,NULL,NULL,NULL,NULL,NULL,1.3,3.9,NULL,NULL,0.27,NULL,NULL,NULL,NULL,NULL,NULL,NULL,NULL,NULL,NULL,NULL,NULL,NULL,NULL,NULL,NULL,0.007,NULL,0.004,0.37,NULL,0.055,NULL,NULL,NULL,NULL,6.2,12,125,NULL,NULL,NULL,NULL,NULL,72,NULL,NULL,NULL,NULL,NULL,NULL,NULL
Guana River,29.998466,-81.326133,GTMGRNUT,2019-04-02 09:58:00,OpenWater,River,2,6.55,83.6,NULL,"NA",1.05,45233,7.4,18.9,4.7,14.5,3.4,5.03048780487805,NULL,NULL,3.4,NULL,0.77,NULL,NULL,NULL,NULL,NULL,NULL,NULL,NULL,NULL,NULL,NULL,NULL,NULL,NULL,NULL,29.33,0.049,3.8,0.01,0.55,1.54,0.0385,10,10,3.4,0.56,NULL,NULL,NULL,NULL,NULL,NULL,NULL,NULL,NULL,NULL,NULL,NULL,NULL,NULL,NULL,NULL
Guana River,29.998466,-81.326133,GTMGRNUT,2018-07-11 09:35:00,OpenWater,River,2.2,4.21,62.6,NULL,"NA",1,36909,7.15,29.4,11,28,NULL,3.8109756097561,0.94,9.5,3,NULL,0.59,NULL,NULL,NULL,NULL,NULL,NULL,NULL,NULL,NULL,NULL,NULL,NULL,NULL,NULL,NULL,23.25,0.03,8.9,0.011,0.75,NULL,0.082,10,10,NULL,NULL,7.9,12,113,NULL,NULL,NULL,NULL,NULL,NULL,NULL,NULL,NULL,NULL,NULL,NULL,NULL
Guana River,29.998466,-81.326133,GTMGRNUT,2018-08-08 08:05:00,OpenWater,River,1.5,4.54,64.7,NULL,"NA",0.7,30501,7.54,30.2,19.4,27.7,4.1,4.20731707317073,NULL,NULL,2.5,NULL,1.17,NULL,NULL,NULL,NULL,NULL,NULL,NULL,NULL,NULL,NULL,NULL,NULL,NULL,NULL,NULL,18.78,0.078,18,0.05,1.01,1.66,0.0651,10,10,2.5,1.04,NULL,NULL,NULL,NULL,NULL,NULL,NULL,NULL,NULL,NULL,NULL,NULL,NULL,NULL,NULL,NULL
Guana River,29.998466,-81.326133,GTMGRNUT,2017-12-13 12:04:00,OpenWater,River,3.35535,9.37,88.44,NULL,"NA",0.372,26946,6.41,13.2,8,19.1111111111111,4,NULL,NULL,NULL,4,NULL,0.57,NULL,NULL,NULL,NULL,NULL,NULL,NULL,NULL,NULL,NULL,NULL,NULL,NULL,NULL,NULL,16.55,0.066,7.2,0.024,0.71,1.61,0.0654,10,4,4,0.73,NULL,NULL,NULL,NULL,NULL,NULL,NULL,NULL,NULL,NULL,NULL,NULL,NULL,NULL,NULL,NULL
Guana River,29.998466,-81.326133,GTMGRNUT,2019-09-10 08:45:00,OpenWater,River,NULL,NULL,NULL,NULL,NULL,NULL,NULL,NULL,NULL,NULL,NULL,NULL,NULL,NULL,NULL,NULL,NULL,NULL,NULL,NULL,NULL,NULL,NULL,NULL,NULL,NULL,NULL,NULL,NULL,NULL,NULL,NULL,NULL,NULL,NULL,NULL,NULL,NULL,NULL,NULL,NULL,NULL,NULL,NULL,NULL,NULL,NULL,NULL,NULL,NULL,NULL,NULL,8,NULL,NULL,NULL,NULL,NULL,NULL,NULL
Guana River,29.998466,-81.326133,GTMGRNUT,2017-11-02 11:58:00,OpenWater,River,2.6,5.92,72.2,NULL,"NA",0.15,24784,7.04,21,25,23.4,14,NULL,NULL,NULL,14,NULL,NULL,NULL,NULL,NULL,NULL,NULL,NULL,NULL,NULL,NULL,NULL,NULL,NULL,NULL,NULL,NULL,15.1,NULL,19,0.059,1.15,1.47,0.222,41,46,14,1.2,NULL,NULL,NULL,NULL,NULL,NULL,NULL,NULL,NULL,NULL,NULL,NULL,NULL,NULL,NULL,NULL
Guana River,29.998466,-81.326133,GTMGRNUT,2018-11-07 09:51:00,OpenWater,River,0.6,5.79,84.3,NULL,"NA",1.45,51496,7.71,24.2,4.6,27.9,1.3,5.18292682926829,NULL,NULL,1.3,NULL,0.91,NULL,NULL,NULL,NULL,NULL,NULL,NULL,NULL,NULL,NULL,NULL,NULL,NULL,NULL,NULL,33.84,0.065,4,0.016,0.14,1.6,0.0421,10,10,1.3,0.5,NULL,NULL,NULL,NULL,NULL,NULL,NULL,NULL,NULL,NULL,NULL,NULL,NULL,NULL,NULL,NULL
Guana River,29.998466,-81.326133,GTMGRNUT,2018-01-17 10:22:00,OpenWater,River,6.7107,7.95,86,NULL,"NA",1.4,40856,6.73,11.6,3.6,15.2777777777778,2,NULL,NULL,NULL,2,NULL,0.36,NULL,NULL,NULL,NULL,NULL,NULL,NULL,NULL,NULL,NULL,NULL,NULL,NULL,NULL,NULL,26.16,0.022,3.6,0.056,0.35,1.78,0.0376,10,2,2,0.5,NULL,NULL,NULL,NULL,NULL,NULL,NULL,NULL,NULL,NULL,NULL,NULL,NULL,NULL,NULL,NULL
Lake Middle, , ,GTMLMNUT,2019-10-14 12:50:00,OpenWater,Lake,2.4,7.93,110.6,NULL,"NA",0.45,29232,8.03,27.4,NULL,29,NULL,1.1280487804878,NULL,NULL,NULL,NULL,NULL,NULL,NULL,NULL,NULL,NULL,NULL,NULL,NULL,NULL,NULL,NULL,NULL,NULL,NULL,NULL,17.99,NULL,NULL,NULL,NULL,NULL,NULL,10,10,NULL,NULL,NULL,NULL,NULL,NULL,NULL,NULL,NULL,NULL,NULL,NULL,NULL,NULL,NULL,NULL,NULL,NULL
Lake Middle,30.08302,-81.34286,GTMLMNUT,2018-10-22 11:06:00,OpenWater,Lake,4,7.42,84.3,NULL,"NA",0.2,8575,8.01,20.3,63,24.6,20,0.975609756097561,NULL,NULL,20,NULL,2.03,NULL,NULL,NULL,NULL,NULL,NULL,NULL,NULL,NULL,NULL,NULL,NULL,NULL,NULL,NULL,4.8,0.078,57,0.044,2.67,1.62,0.106,10,10,20,2.71,NULL,NULL,NULL,NULL,NULL,NULL,NULL,NULL,NULL,NULL,NULL,NULL,NULL,NULL,NULL,NULL
Lake Middle, , ,GTMLMNUT,2019-12-16 10:12:00,OpenWater,Lake,0.6,9.19,107.1,NULL,"NA",0.6,26988,7.93,18.3,NULL,21.6,NULL,1.1,NULL,NULL,NULL,NULL,NULL,NULL,NULL,NULL,NULL,NULL,NULL,NULL,NULL,NULL,NULL,NULL,NULL,NULL,NULL,NULL,16.64,NULL,NULL,NULL,NULL,NULL,NULL,NULL,NULL,NULL,NULL,NULL,NULL,NULL,NULL,NULL,NULL,NULL,NULL,NULL,NULL,NULL,NULL,NULL,NULL,NULL,NULL
Lake Middle, , ,GTMLMNUT,2019-10-14 15:40:00,OpenWater,Lake,NULL,NULL,NULL,NULL,NULL,NULL,NULL,NULL,NULL,32.1,NULL,5,NULL,NULL,NULL,7,NULL,2.21,NULL,NULL,NULL,NULL,NULL,NULL,NULL,NULL,NULL,NULL,NULL,NULL,NULL,NULL,NULL,NULL,0.04,27,0.01,2,1.56,0.0655,NULL,NULL,5,2,NULL,NULL,NULL,NULL,NULL,NULL,NULL,NULL,NULL,NULL,NULL,NULL,NULL,NULL,NULL,NULL
Lake Middle,30.08302,-81.34286,GTMLMNUT,2019-01-22 12:42:00,OpenWater,Lake,1.38582,10.2,97.7,NULL,"NA",0.3,9110,8.66,12.8,20.2,17.27778,4,1.12776,NULL,NULL,3.7,NULL,1.36,NULL,NULL,NULL,NULL,NULL,NULL,NULL,NULL,NULL,NULL,NULL,NULL,NULL,NULL,NULL,5.12,0.036,17.5,0.01,1.79,1.58,0.0482,30,9,3.7,1.79,NULL,NULL,NULL,NULL,NULL,NULL,NULL,NULL,NULL,NULL,NULL,NULL,NULL,NULL,NULL,NULL
Lake Middle,30.08302,-81.34286,GTMLMNUT,2019-07-15 12:20:00,OpenWater,Lake,NULL,NULL,NULL,NULL,NULL,NULL,NULL,NULL,NULL,NULL,NULL,NULL,NULL,0.83,23,NULL,NULL,1.6,NULL,NULL,NULL,NULL,NULL,NULL,NULL,NULL,NULL,NULL,NULL,NULL,NULL,NULL,NULL,NULL,0.024,NULL,0.004,2,NULL,0.075,NULL,NULL,NULL,NULL,15,21,123,NULL,NULL,NULL,NULL,NULL,39,NULL,NULL,NULL,NULL,NULL,NULL,NULL
Lake Middle,30.08302,-81.34286,GTMLMNUT,2019-02-04 12:00:00,OpenWater,Lake,3.5,8.95,90.3,0.025,"NA",0.4,5938,7.96,17.9,NULL,14.7,NULL,0.9144,0.29,15,NULL,1.2,0.99,0.002,0.004,0.002,0.002,0.002,0.004,0.004,0.008,0.016,0.056,8e-04,0.011,0.002,0.008,0.02,3.24,0.014,NULL,0.03,1.2,NULL,0.058,NULL,NULL,NULL,NULL,25,36,105,NULL,NULL,NULL,NULL,NULL,NULL,NULL,0.002,NULL,NULL,NULL,NULL,NULL
Lake Middle,30.08302,-81.34286,GTMLMNUT,2018-11-07 11:21:00,OpenWater,Lake,1.9,7.08,89.7,NULL,"NA",0.35,9411,7.96,25.7,46.6,25.2,4.5,0.823170731707317,NULL,NULL,10.9,NULL,1.52,NULL,NULL,NULL,NULL,NULL,NULL,NULL,NULL,NULL,NULL,NULL,NULL,NULL,NULL,NULL,5.26,0.053,38.5,0.037,1.55,1.55,0.0735,10,10,4,1.59,NULL,NULL,NULL,NULL,NULL,NULL,NULL,NULL,NULL,NULL,NULL,NULL,NULL,NULL,NULL,NULL
Lake Middle, , ,GTMLMNUT,2019-09-10 10:52:00,OpenWater,Lake,1.5,4.83,88.7,NULL,"NA",0.6,32180,7.94,30.3,31,28.6,NULL,0.884146341463415,0.62,125,4,NULL,0.004,NULL,NULL,NULL,NULL,NULL,NULL,NULL,NULL,NULL,NULL,NULL,NULL,NULL,NULL,NULL,13.89,20,27,0.02,25,NULL,1.9,10,2,NULL,NULL,13,1.7,0.077,NULL,NULL,NULL,NULL,NULL,NULL,NULL,NULL,NULL,NULL,NULL,NULL,NULL
Lake Middle,30.08302,-81.34286,GTMLMNUT,2018-06-11 10:25:00,OpenWater,Lake,2.3,3.7,49.2,NULL,"NA",0.5,8561,7.79,28.4,21.4,27.4,2,0.914634146341463,NULL,NULL,3.6,NULL,1.48,NULL,NULL,NULL,NULL,NULL,NULL,NULL,NULL,NULL,NULL,NULL,NULL,NULL,NULL,NULL,4.74,0.095,18.7,0.011,1.69,1.59,0.0695,10,10,2.9,1.7,NULL,NULL,NULL,NULL,NULL,NULL,NULL,NULL,NULL,NULL,NULL,NULL,NULL,NULL,NULL,NULL
Lake Middle,30.08302,-81.34286,GTMLMNUT,2019-03-04 11:01:00,OpenWater,Lake,2.77156906571301,7.49,86.7,NULL,"NA",0.5,8541,7.9,21.1,13.6,19.5555555555556,2.2,0.945121951219512,NULL,NULL,2.2,NULL,0.97,NULL,NULL,NULL,NULL,NULL,NULL,NULL,NULL,NULL,NULL,NULL,NULL,NULL,NULL,NULL,4.79,0.041,11.8,0.017,1.26,1.59,0.0373,10,9,2,1.27,NULL,NULL,NULL,NULL,NULL,NULL,NULL,NULL,NULL,NULL,NULL,NULL,NULL,NULL,NULL,NULL
Lake Middle,30.08302,-81.34286,GTMLMNUT,2019-04-02 11:50:00,OpenWater,Lake,3.2,7.54,83.1,NULL,"NA",0.4,18132,7.57,17.6,24.1,14.3,3.7,0.853658536585366,NULL,NULL,4.3,NULL,1.1,NULL,NULL,NULL,NULL,NULL,NULL,NULL,NULL,NULL,NULL,NULL,NULL,NULL,NULL,NULL,10.73,0.066,20.7,0.03,1.45,1.58,0.055,20,10,3.4,1.48,NULL,NULL,NULL,NULL,NULL,NULL,NULL,NULL,NULL,NULL,NULL,NULL,NULL,NULL,NULL,NULL
Lake Middle, , ,GTMLMNUT,2019-08-12 11:20:00,OpenWater,Lake,1.1,6.08,90,NULL,"NA",0.4,30445,7.9,32,44.3,29.4,5.4,0.945121951219512,NULL,NULL,5,NULL,2.23,NULL,NULL,NULL,NULL,NULL,NULL,NULL,NULL,NULL,NULL,NULL,NULL,NULL,NULL,NULL,18.72,0.052,42.1,0.01,2.75,1.67,0.0741,10,10,5.1,2.75,NULL,NULL,NULL,NULL,NULL,NULL,NULL,NULL,NULL,NULL,NULL,NULL,NULL,NULL,NULL,NULL
Lake Middle,30.08302,-81.34286,GTMLMNUT,2018-02-14 10:25:00,OpenWater,Lake,22.369,9.04,92.7,NULL,"NA",0.2,7998,7.44,15.2,60,15,10,NULL,NULL,NULL,19,NULL,1.27,NULL,NULL,NULL,NULL,NULL,NULL,NULL,NULL,NULL,NULL,NULL,NULL,NULL,NULL,NULL,4.46,0.051,46,0.044,2.32,1.5,0.15,52,8,10,2.36,NULL,NULL,NULL,NULL,NULL,NULL,NULL,NULL,NULL,NULL,NULL,NULL,NULL,NULL,NULL,NULL
Lake Middle, , ,GTMLMNUT,2019-11-12 11:55:00,OpenWater,Lake,2.7,8.77,111.3,NULL,"NA",0.9,31451,7.89,21.5,18.2,25.3,5,1.1,NULL,NULL,5,NULL,1.81,NULL,NULL,NULL,NULL,NULL,NULL,NULL,NULL,NULL,NULL,NULL,NULL,NULL,NULL,NULL,19.61,0.134,15.8,0.14,3.11,1.58,0.43,20,10,5,3.12,NULL,NULL,NULL,NULL,NULL,NULL,NULL,NULL,NULL,NULL,NULL,NULL,NULL,NULL,NULL,NULL
Lake Middle,30.08302,-81.34286,GTMLMNUT,2018-08-08 09:30:00,OpenWater,Lake,1.5,3.65,48.5,NULL,"NA",0.4,4598,7.79,29.9,16.1,29.2,3.2,0.823170731707317,NULL,NULL,3.2,NULL,2.4,NULL,NULL,NULL,NULL,NULL,NULL,NULL,NULL,NULL,NULL,NULL,NULL,NULL,NULL,NULL,2.43,0.169,13.8,0.029,0.95,1.58,0.1,10,10,3.2,0.97,NULL,NULL,NULL,NULL,NULL,NULL,NULL,NULL,NULL,NULL,NULL,NULL,NULL,NULL,NULL,NULL
Lake Middle,30.08302,-81.34286,GTMLMNUT,2018-09-06 10:15:00,OpenWater,Lake,3.8,5.68,80,0.039,"NA",0.5,4943,8.02,28.9,21,28.4,NULL,0.823170731707317,0.39,21,2.5,0.87,1.6,0.002,0.004,0.002,0.002,0.002,0.004,0.004,0.008,0.016,0.11,8e-04,0.014,8e-04,0.008,0.02,2.63,0.011,19,0.004,1.8,NULL,0.11,10,10,NULL,NULL,29,53,104,280,17000,170,3000,2600,NULL,NULL,0.002,NULL,NULL,NULL,NULL,NULL
Lake Middle,30.08302,-81.34286,GTMLMNUT,2018-07-11 11:45:00,OpenWater,Lake,0.6,5.2,71.2,NULL,"NA",0.7,7131,7.6,30.6,22,32,NULL,0.884146341463415,0.43,22,2.8,NULL,1.7,NULL,NULL,NULL,NULL,NULL,NULL,NULL,NULL,NULL,NULL,NULL,NULL,NULL,NULL,NULL,3.88,0.25,19,0.078,1.9,NULL,0.064,10,10,NULL,NULL,20,24,108,NULL,NULL,NULL,NULL,NULL,NULL,NULL,NULL,NULL,NULL,NULL,NULL,NULL
Lake Middle,30.08302,-81.34286,GTMLMNUT,2018-12-05 11:02:00,OpenWater,Lake,4.2,8.24,87.8,NULL,"NA",0.4,15511,7.87,16,26,10.6,NULL,1.09728,0.47,18,2.4,NULL,1.3,NULL,NULL,NULL,NULL,NULL,NULL,NULL,NULL,NULL,NULL,NULL,NULL,NULL,NULL,NULL,9.08,0.009,24,0.004,1.5,NULL,0.055,10,10,NULL,NULL,14,23,112,NULL,NULL,NULL,NULL,NULL,NULL,NULL,NULL,8440,NULL,64,4500,660
Lake Middle,30.08302,-81.34286,GTMLMNUT,2019-05-02 11:21:00,OpenWater,Lake,3.57621814930711,7.18,92.5,NULL,"NA",0.15,8877,8.32,26.2,86,25.4444444444444,NULL,0.52,0.43,23,8.2,NULL,1.9,NULL,NULL,NULL,NULL,NULL,NULL,NULL,NULL,NULL,NULL,NULL,NULL,NULL,NULL,NULL,4.94,0.015,78,0.004,2.3,NULL,0.16,10,2,NULL,NULL,70,79,119,NULL,NULL,NULL,NULL,NULL,NULL,NULL,NULL,NULL,9.8,NULL,NULL,NULL
Lake Middle,30.08302,-81.34286,GTMLMNUT,2019-06-03 12:42:00,OpenWater,Lake,1.6092981671882,6.69,98.4,NULL,"NA",0.2,25202,8.14,31.2,72,30.7222222222222,10,0.5,NULL,NULL,14,NULL,1.75,NULL,NULL,NULL,NULL,NULL,NULL,NULL,NULL,NULL,NULL,NULL,NULL,NULL,NULL,NULL,15.22,0.171,61,0.03,3.13,1.57,0.161,10,10,10,3.16,NULL,NULL,NULL,NULL,NULL,NULL,NULL,NULL,NULL,NULL,NULL,NULL,NULL,NULL,NULL,NULL
Lake Middle,30.08302,-81.34286,GTMLMNUT,2018-05-30 12:52:00,OpenWater,Lake,2,5.34,69.6,NULL,"NA",0.5,11232,7.81,26.6,49.5,26.6,5.9,0.823170731707317,NULL,NULL,5.1,NULL,1.24,NULL,NULL,NULL,NULL,NULL,NULL,NULL,NULL,NULL,NULL,NULL,NULL,NULL,NULL,NULL,6.36,0.105,44.5,0.059,2.25,1.63,0.0414,10,15,5,2.31,NULL,NULL,NULL,NULL,NULL,NULL,NULL,NULL,NULL,NULL,NULL,NULL,NULL,NULL,NULL,NULL
Lake Middle,30.08302,-81.34286,GTMLMNUT,2018-03-28 10:23:00,OpenWater,Lake,2,7.04,80.4,NULL,"NA",0.15,8417,7.87,20.1,101,20.9,11,0.42,NULL,NULL,24,NULL,1.27,NULL,NULL,NULL,NULL,NULL,NULL,NULL,NULL,NULL,NULL,NULL,NULL,NULL,NULL,NULL,4.7,0.041,84,0.069,2.77,1.55,0.168,10,10,10,2.84,NULL,NULL,NULL,NULL,NULL,NULL,NULL,NULL,NULL,NULL,NULL,NULL,NULL,NULL,NULL,NULL
Lake Middle, , ,GTMLMNUT,2019-07-15 12:20:00,OpenWater,Lake,2.2,6.26,95,NULL,"NA",0.6,32303,8.31,31.9,30,35,NULL,0.75,NULL,NULL,3.8,NULL,NULL,NULL,NULL,NULL,NULL,NULL,NULL,NULL,NULL,NULL,NULL,NULL,NULL,NULL,NULL,NULL,19.95,NULL,27,NULL,NULL,NULL,NULL,10,2,NULL,NULL,NULL,NULL,NULL,NULL,NULL,NULL,NULL,NULL,NULL,10,NULL,NULL,NULL,NULL,NULL,NULL
Lake Middle,30.08302,-81.34286,GTMLMNUT,2019-09-10 10:52:00,OpenWater,Lake,NULL,NULL,NULL,NULL,NULL,NULL,NULL,NULL,NULL,NULL,NULL,NULL,NULL,NULL,NULL,NULL,NULL,NULL,NULL,NULL,NULL,NULL,NULL,NULL,NULL,NULL,NULL,NULL,NULL,NULL,NULL,NULL,NULL,NULL,NULL,NULL,NULL,NULL,NULL,NULL,NULL,NULL,NULL,NULL,NULL,NULL,NULL,NULL,NULL,NULL,NULL,NULL,28,NULL,NULL,NULL,NULL,NULL,NULL,NULL
Lake Middle,30.08302,-81.34286,GTMOLNUT,2017-10-18 09:38:00,OpenWater,Lake,5.8,7.65,86.8,NULL,"NA",0.39,3332,7.78,21.5,71,24.5,20,NULL,NULL,NULL,28,NULL,NULL,NULL,NULL,NULL,NULL,NULL,NULL,NULL,NULL,NULL,NULL,NULL,NULL,NULL,NULL,NULL,1.75,NULL,52,0.028,2.86,1.45,0.204,61,8200,20,2.89,NULL,NULL,NULL,NULL,NULL,NULL,NULL,NULL,NULL,NULL,NULL,NULL,NULL,NULL,NULL,NULL
Lake Middle,30.08302,-81.34286,GTMOLNUT,2017-07-20 10:05:00,OpenWater,Lake,5.59225,0.63,NULL,NULL,"NA",0.42,16844,7.8,30.5,45.1,28.2,5,NULL,NULL,NULL,11.7,NULL,NULL,NULL,NULL,NULL,NULL,NULL,NULL,NULL,NULL,NULL,NULL,NULL,NULL,NULL,NULL,NULL,9.57,NULL,36.7,0.01,2.53,1.53,0.186,42,700,5,2.54,NULL,NULL,NULL,NULL,NULL,NULL,NULL,NULL,NULL,NULL,NULL,NULL,NULL,NULL,NULL,NULL
Lake Middle,30.08302,-81.34286,GTMOLNUT,2017-11-02 10:39:00,OpenWater,Lake,1.6,3.75,43.3,NULL,"NA",0.234,8602,7.63,20.4,46.9,22.6,5.3,NULL,NULL,NULL,11.4,NULL,NULL,NULL,NULL,NULL,NULL,NULL,NULL,NULL,NULL,NULL,NULL,NULL,NULL,NULL,NULL,NULL,4.81,NULL,38.5,0.01,1.49,1.54,0.104,10,20,5.3,1.49,NULL,NULL,NULL,NULL,NULL,NULL,NULL,NULL,NULL,NULL,NULL,NULL,NULL,NULL,NULL,NULL
Lake Middle,30.08302,-81.34286,GTMOLNUT,2017-09-20 10:32:00,OpenWater,Lake,2.90797,3.54,44.55,NULL,NULL,0.31,1790,7.16,27.2,74,29.2777777777778,10,NULL,NULL,NULL,12,NULL,NULL,NULL,NULL,NULL,NULL,NULL,NULL,NULL,NULL,NULL,NULL,NULL,NULL,NULL,NULL,NULL,0.91,NULL,64,0.01,2.3,1.59,0.175,72,200,10,2.31,NULL,NULL,NULL,NULL,NULL,NULL,NULL,NULL,NULL,NULL,NULL,NULL,NULL,NULL,NULL,NULL
Lake Middle,30.08302,-81.34286,GTMOLNUT,2017-08-03 09:32:00,OpenWater,Lake,2.2369,3.82,48.85,NULL,"NA",0.286,20494,7.26,28.1,59.2,31.3333333333333,6.3,NULL,NULL,NULL,6.6,NULL,NULL,NULL,NULL,NULL,NULL,NULL,NULL,NULL,NULL,NULL,NULL,NULL,NULL,NULL,NULL,NULL,12.19,NULL,53.3,0.014,2.83,1.62,0.125,60,360,5,2.84,NULL,NULL,NULL,NULL,NULL,NULL,NULL,NULL,NULL,NULL,NULL,NULL,NULL,NULL,NULL,NULL
Lake Middle,30.08302,-81.34286,GTMLMNUT,2018-01-17 12:06:00,OpenWater,Lake,20.1321,10.11,97.6,NULL,"NA",0.4,12039,8.06,11.7,22.1,18.3333333333333,5,NULL,NULL,NULL,5,NULL,1.12,NULL,NULL,NULL,NULL,NULL,NULL,NULL,NULL,NULL,NULL,NULL,NULL,NULL,NULL,NULL,6.9,0.024,21.8,0.021,2.16,1.73,0.0826,10,18,5,2.17,NULL,NULL,NULL,NULL,NULL,NULL,NULL,NULL,NULL,NULL,NULL,NULL,NULL,NULL,NULL,NULL
Lake Middle,30.08302,-81.34286,GTMLMNUT,2018-04-24 09:38:00,OpenWater,Lake,4.4,6.37,74.8,NULL,"NA",0.2,8606,7.46,21.8,42,21.5,10,0.7,NULL,NULL,10,NULL,1.33,NULL,NULL,NULL,NULL,NULL,NULL,NULL,NULL,NULL,NULL,NULL,NULL,NULL,NULL,NULL,4.8,0.071,35,0.033,1.71,1.56,0.129,73,210,10,1.74,NULL,NULL,NULL,NULL,NULL,NULL,NULL,NULL,NULL,NULL,NULL,NULL,NULL,NULL,NULL,NULL
Lake South,30.023763,-81.327928,GTMDNNUT,2017-07-20 08:42:00,WaterControl,Lake,NULL,0.07,NULL,NULL,NULL,0.44,44173,7.33,30.6,17.5,27.7,2.4,NULL,NULL,NULL,3.5,NULL,NULL,NULL,NULL,NULL,NULL,NULL,NULL,NULL,NULL,NULL,NULL,NULL,NULL,NULL,NULL,NULL,28.35,NULL,15.3,0.015,1.24,1.57,0.0652,38,8,5.4,1.26,NULL,NULL,NULL,NULL,NULL,NULL,NULL,NULL,NULL,NULL,NULL,NULL,NULL,NULL,NULL,NULL
Lake South,30.023763,-81.327928,GTMDNNUT,2017-08-03 10:16:00,WaterControl,Lake,1.11845,4.73,61.05,NULL,"NA",0.651,38956,7.51,28.7,15.4,30.3888888888889,5,NULL,NULL,NULL,5,NULL,NULL,NULL,NULL,NULL,NULL,NULL,NULL,NULL,NULL,NULL,NULL,NULL,NULL,NULL,NULL,NULL,24.69,NULL,13.9,0.021,1.47,1.62,0.0486,16,15,5,1.49,NULL,NULL,NULL,NULL,NULL,NULL,NULL,NULL,NULL,NULL,NULL,NULL,NULL,NULL,NULL,NULL
Lake South,30.023763,-81.327928,GTMLSNUT,2018-04-24 08:44:00,WaterControl,Lake,3.7,6.31,76.1,NULL,"NA",0.6,16966,7.27,21.8,15.5,19.9,2.5,0.884146341463415,NULL,NULL,2,NULL,1.87,NULL,NULL,NULL,NULL,NULL,NULL,NULL,NULL,NULL,NULL,NULL,NULL,NULL,NULL,NULL,10,0.284,13.8,0.041,1.24,1.61,0.0577,31,20,2,1.28,NULL,NULL,NULL,NULL,NULL,NULL,NULL,NULL,NULL,NULL,NULL,NULL,NULL,NULL,NULL,NULL
Lake South,30.023763,-81.327928,GTMLSNUT,2018-11-07 10:41:00,WaterControl,Lake,0.5,8.41,105.8,NULL,"NA",0.65,12796,8.12,24.1,16.1,25.5,1.7,0.823170731707317,NULL,NULL,4.6,NULL,1.9,NULL,NULL,NULL,NULL,NULL,NULL,NULL,NULL,NULL,NULL,NULL,NULL,NULL,NULL,NULL,7.34,0.047,12.9,0.01,1.46,1.52,0.047,10,20,1.7,1.46,NULL,NULL,NULL,NULL,NULL,NULL,NULL,NULL,NULL,NULL,NULL,NULL,NULL,NULL,NULL,NULL
Lake South,30.023763,-81.327928,GTMLSNUT,2017-10-18 11:33:00,WaterControl,Lake,13.86878,6.67,85.9,NULL,"NA",0.5,26872,7.62,23.7,22,30,10,NULL,NULL,NULL,10,NULL,NULL,NULL,NULL,NULL,NULL,NULL,NULL,NULL,NULL,NULL,NULL,NULL,NULL,NULL,NULL,NULL,17.44,NULL,20,0.018,1.71,1.64,0.0902,10,100,10,1.73,NULL,NULL,NULL,NULL,NULL,NULL,NULL,NULL,NULL,NULL,NULL,NULL,NULL,NULL,NULL,NULL
Lake South,30.023763,-81.327928,GTMLSNUT,2018-08-08 08:54:00,WaterControl,Lake,1.2,3.26,46,NULL,"NA",0.25,19452,7.85,30.1,18.8,28.5,5,0.853658536585366,NULL,NULL,6.5,NULL,1.92,NULL,NULL,NULL,NULL,NULL,NULL,NULL,NULL,NULL,NULL,NULL,NULL,NULL,NULL,NULL,11.49,0.183,14.4,0.05,1.4,1.48,0.0905,10,10,5,1.41,NULL,NULL,NULL,NULL,NULL,NULL,NULL,NULL,NULL,NULL,NULL,NULL,NULL,NULL,NULL,NULL
Lake South,30.023763,-81.327928,GTMLSNUT,2018-03-28 09:16:00,WaterControl,Lake,0.17,5.81,71.1,NULL,"NA",0.332,20609,7.61,18.8,13.2,19.4,2.9,0.3,NULL,NULL,3.1,NULL,1.21,NULL,NULL,NULL,NULL,NULL,NULL,NULL,NULL,NULL,NULL,NULL,NULL,NULL,NULL,NULL,12.32,0.287,11,0.044,1.66,1.55,0.0616,10,18,2.9,1.7,NULL,NULL,NULL,NULL,NULL,NULL,NULL,NULL,NULL,NULL,NULL,NULL,NULL,NULL,NULL,NULL
Lake South,30.023763,-81.327928,GTMLSNUT,2018-05-30 12:26:00,WaterControl,Lake,0.7,4.25,57.5,NULL,"NA",0.6,16894,7.67,27.2,28.6,27.5,4.4,0.640243902439024,NULL,NULL,3.4,NULL,1.39,NULL,NULL,NULL,NULL,NULL,NULL,NULL,NULL,NULL,NULL,NULL,NULL,NULL,NULL,NULL,9.89,0.464,26.2,0.021,1.78,1.64,0.0413,31,120,3.4,1.8,NULL,NULL,NULL,NULL,NULL,NULL,NULL,NULL,NULL,NULL,NULL,NULL,NULL,NULL,NULL,NULL
Lake South,30.023763,-81.327928,GTMLSNUT,2019-05-02 10:41:00,WaterControl,Lake,2.63746088511399,4.83,71.1,NULL,"NA",0.5,38707,7.7,26.7,23.7,26.6111111111111,5,"NA",NULL,NULL,5,NULL,0.62,NULL,NULL,NULL,NULL,NULL,NULL,NULL,NULL,NULL,NULL,NULL,NULL,NULL,NULL,NULL,24.54,0.032,21,0.01,0.72,1.61,0.0695,10,10,5,0.72,NULL,NULL,NULL,NULL,NULL,NULL,NULL,NULL,NULL,NULL,NULL,NULL,NULL,NULL,NULL,NULL
Lake South, , ,GTMLSNUT,2019-09-10 10:12:00,WaterControl,Lake,1.8,5.11,76.9,NULL,"NA",0.7,36543,7.85,30.1,9.8,29.8,4,2.7,NULL,NULL,4,NULL,1.83,NULL,NULL,NULL,NULL,NULL,NULL,NULL,NULL,NULL,NULL,NULL,NULL,NULL,NULL,NULL,22.97,0.131,8.2,0.01,1.83,1.55,0.0699,10,10,4,1.83,NULL,NULL,NULL,NULL,NULL,NULL,NULL,NULL,NULL,NULL,NULL,NULL,NULL,NULL,NULL,NULL
Lake South, , ,GTMLSNUT,2019-08-12 10:30:00,WaterControl,Lake,0.4,4.7,74.3,NULL,"NA",0.7,49027,7.76,31.9,14.9,33.4,2.9,2.8,NULL,NULL,2.9,NULL,1.23,NULL,NULL,NULL,NULL,NULL,NULL,NULL,NULL,NULL,NULL,NULL,NULL,NULL,NULL,NULL,31.81,0.023,13.5,0.01,1.78,1.62,0.0686,10,10,2.9,1.78,NULL,NULL,NULL,NULL,NULL,NULL,NULL,NULL,NULL,NULL,NULL,NULL,NULL,NULL,NULL,NULL
Lake South, , ,GTMLSNUT,2019-11-12 11:13:00,WaterControl,Lake,1.7,10.24,130.2,NULL,"NA",1.2,36843,8.03,20.5,18.1,25.4,2.9,3.5,NULL,NULL,2.9,NULL,1.11,NULL,NULL,NULL,NULL,NULL,NULL,NULL,NULL,NULL,NULL,NULL,NULL,NULL,NULL,NULL,23.42,0.022,15.9,0.01,1.33,1.6,0.038,10,10,2.9,1.33,NULL,NULL,NULL,NULL,NULL,NULL,NULL,NULL,NULL,NULL,NULL,NULL,NULL,NULL,NULL,NULL
Lake South,30.023763,-81.327928,GTMLSNUT,2018-07-11 10:55:00,WaterControl,Lake,2,6.6,91.6,NULL,"NA",0.9,15431,7.63,29.9,17.5,29.5,2.8,0.914634146341463,NULL,NULL,2.7,NULL,1.34,NULL,NULL,NULL,NULL,NULL,NULL,NULL,NULL,NULL,NULL,NULL,NULL,NULL,NULL,NULL,8.93,0.079,15.3,0.05,1.97,1.59,0.0473,10,10,2,1.97,NULL,NULL,NULL,NULL,NULL,NULL,NULL,NULL,NULL,NULL,NULL,NULL,NULL,NULL,NULL,NULL
Lake South,30.023763,-81.327928,GTMLSNUT,2018-01-17 11:29:00,WaterControl,Lake,8.05284,9.39,91,NULL,"NA",0.5,15162,8.05,11.3,12.5,17.7777777777778,2.3,NULL,NULL,NULL,2.3,NULL,0.7,NULL,NULL,NULL,NULL,NULL,NULL,NULL,NULL,NULL,NULL,NULL,NULL,NULL,NULL,NULL,8.85,0.014,12.6,0.018,1.58,1.76,0.0469,10,22,2.3,1.59,NULL,NULL,NULL,NULL,NULL,NULL,NULL,NULL,NULL,NULL,NULL,NULL,NULL,NULL,NULL,NULL
Lake South, , ,GTMLSNUT,2019-12-16 09:25:00,WaterControl,Lake,0.4,10.88,126,NULL,"NA","NA",31262,8.14,16.7,13.3,22.6,2,3,NULL,NULL,2,NULL,1.38,NULL,NULL,NULL,NULL,NULL,NULL,NULL,NULL,NULL,NULL,NULL,NULL,NULL,NULL,NULL,19.5,0.041,12.4,0.01,1.09,1.66,0.027,10,27,2,1.09,NULL,NULL,NULL,NULL,NULL,NULL,NULL,NULL,NULL,NULL,NULL,NULL,NULL,NULL,NULL,NULL
Lake South, , ,GTMLSNUT,2019-10-14 12:15:00,WaterControl,Lake,1,9.88,143.1,NULL,"NA",0.7,42380,8.07,26.4,24,29.3,4,1.06707317073171,NULL,NULL,5.1,NULL,1.34,NULL,NULL,NULL,NULL,NULL,NULL,NULL,NULL,NULL,NULL,NULL,NULL,NULL,NULL,NULL,27.19,0.035,20.2,0.01,1.37,1.56,0.0415,10,10,2.5,1.37,NULL,NULL,NULL,NULL,NULL,NULL,NULL,NULL,NULL,NULL,NULL,NULL,NULL,NULL,NULL,NULL
Lake South,30.023763,-81.327928,GTMLSNUT,2019-03-04 10:26:00,WaterControl,Lake,"NA",6.09,73.6,NULL,"NA",0.7,2118,7.52,21.3,8,"NA",2,2.7,NULL,NULL,2,NULL,0.58,NULL,NULL,NULL,NULL,NULL,NULL,NULL,NULL,NULL,NULL,NULL,NULL,NULL,NULL,NULL,12.69,0.088,7,0.01,0.92,1.59,0.0291,10,10,2,0.93,NULL,NULL,NULL,NULL,NULL,NULL,NULL,NULL,NULL,NULL,NULL,NULL,NULL,NULL,NULL,NULL
Lake South,30.023763,-81.327928,GTMLSNUT,2019-01-22 12:02:00,WaterControl,Lake,1.60934,8.79,90.9,NULL,"NA",0.8,24683,8.24,13.3,9.5,17.5,2,2.9,NULL,NULL,2.2,NULL,1.04,NULL,NULL,NULL,NULL,NULL,NULL,NULL,NULL,NULL,NULL,NULL,NULL,NULL,NULL,NULL,14.57,0.048,7.9,0.01,1.14,1.55,0.0368,10,9,2,1.14,NULL,NULL,NULL,NULL,NULL,NULL,NULL,NULL,NULL,NULL,NULL,NULL,NULL,NULL,NULL,NULL
Lake South,30.023763,-81.327928,GTMLSNUT,2019-04-02 11:07:00,WaterControl,Lake,3.7,6.96,83.3,NULL,"NA",0.6,29421,7.47,18.1,11.5,14.2,2.8,0.792682926829268,NULL,NULL,2,NULL,0.89,NULL,NULL,NULL,NULL,NULL,NULL,NULL,NULL,NULL,NULL,NULL,NULL,NULL,NULL,NULL,18.21,0.087,10.1,0.31,0.78,1.6,0.0297,10,10,2,0.81,NULL,NULL,NULL,NULL,NULL,NULL,NULL,NULL,NULL,NULL,NULL,NULL,NULL,NULL,NULL,NULL
Lake South,30.023763,-81.327928,GTMLSNUT,2018-06-11 09:57:00,WaterControl,Lake,1.8,2,27.5,NULL,"NA",0.9,15803,7.55,28.2,7.2,27.2,2,0.76219512195122,NULL,NULL,2,NULL,1.52,NULL,NULL,NULL,NULL,NULL,NULL,NULL,NULL,NULL,NULL,NULL,NULL,NULL,NULL,NULL,9.19,0.343,6.2,0.015,1.56,1.58,0.055,10,10,2,1.57,NULL,NULL,NULL,NULL,NULL,NULL,NULL,NULL,NULL,NULL,NULL,NULL,NULL,NULL,NULL,NULL
Lake South,30.023763,-81.327928,GTMLSNUT,2017-09-20 09:47:00,WaterControl,Lake,4.92118,5.36,67.46,NULL,"NA",0.332,21224,7.04,27.2,34.2,27.6666666666667,5,NULL,NULL,NULL,8.8,NULL,NULL,NULL,NULL,NULL,NULL,NULL,NULL,NULL,NULL,NULL,NULL,NULL,NULL,NULL,NULL,NULL,13.02,NULL,27.9,0.01,1.47,1.53,0.0933,5,27,5,1.47,NULL,NULL,NULL,NULL,NULL,NULL,NULL,NULL,NULL,NULL,NULL,NULL,NULL,NULL,NULL,NULL
Lake South,30.023763,-81.327928,GTMLSNUT,2018-02-14 09:51:00,WaterControl,Lake,16.77675,8.08,86,NULL,"NA",0.3,15375,7.25,16.6,17,14.7222222222222,6.7,0.945121951219512,NULL,NULL,6.7,NULL,1.2,NULL,NULL,NULL,NULL,NULL,NULL,NULL,NULL,NULL,NULL,NULL,NULL,NULL,NULL,NULL,8.99,0.045,14.8,0.012,1.48,1.59,0.0784,10,38,6.7,1.49,NULL,NULL,NULL,NULL,NULL,NULL,NULL,NULL,NULL,NULL,NULL,NULL,NULL,NULL,NULL,NULL
Lake South,30.023763,-81.327928,GTMLSNUT,2018-10-22 10:19:00,WaterControl,Lake,1.9,6.13,70.7,NULL,"NA",0.25,12675,8.05,21.7,54,24.6,10,0.823170731707317,NULL,NULL,10,NULL,1.9,NULL,NULL,NULL,NULL,NULL,NULL,NULL,NULL,NULL,NULL,NULL,NULL,NULL,NULL,NULL,7.29,0.052,46,0.01,2.31,1.57,0.105,63,100,10,2.31,NULL,NULL,NULL,NULL,NULL,NULL,NULL,NULL,NULL,NULL,NULL,NULL,NULL,NULL,NULL,NULL
Lake South,30.023763,-81.327928,GTMLSNUT,2019-02-04 11:22:00,WaterControl,Lake,1.6,8.97,93,NULL,"NA",0.7,14692,7.83,14.8,12,15.5,2,0.82296,NULL,NULL,2,NULL,1.08,NULL,NULL,NULL,NULL,NULL,NULL,NULL,NULL,NULL,NULL,NULL,NULL,NULL,NULL,NULL,8.58,0.034,10.4,0.01,3.94,1.59,0.0293,10,10,2,3.94,NULL,NULL,NULL,NULL,NULL,NULL,NULL,NULL,NULL,NULL,NULL,NULL,NULL,NULL,NULL,NULL
Lake South,30.023763,-81.327928,GTMLSNUT,2018-12-05 10:17:00,WaterControl,Lake,5,8.15,88.9,NULL,"NA",0.3,22975,7.9,15.2,25.5,9.8,4.9,1.03632,NULL,NULL,4.1,NULL,1.09,NULL,NULL,NULL,NULL,NULL,NULL,NULL,NULL,NULL,NULL,NULL,NULL,NULL,NULL,NULL,13.93,0.042,22.2,0.01,1.57,1.59,0.0453,10,10,2.9,1.57,NULL,NULL,NULL,NULL,NULL,NULL,NULL,NULL,NULL,NULL,NULL,NULL,NULL,NULL,NULL,NULL
Lake South,30.023763,-81.327928,GTMLSNUT,2017-12-13 13:26:00,WaterControl,Lake,12.97402,12,110.84,NULL,"NA","NA",16327,7.61,12.2,24.4,18,3.8,NULL,NULL,NULL,3.8,NULL,0.71,NULL,NULL,NULL,NULL,NULL,NULL,NULL,NULL,NULL,NULL,NULL,NULL,NULL,NULL,NULL,9.6,0.005,21.9,0.01,1.23,1.62,0.0519,10,2,3.8,1.24,NULL,NULL,NULL,NULL,NULL,NULL,NULL,NULL,NULL,NULL,NULL,NULL,NULL,NULL,NULL,NULL
Lake South,30.023763,-81.327928,GTMLSNUT,2018-09-06 09:28:00,WaterControl,Lake,3,4.68,61.5,NULL,"NA",0.2,14936,7.89,29.2,39.7,28.8,8.4,0.853658536585366,NULL,NULL,16.9,NULL,1.51,NULL,NULL,NULL,NULL,NULL,NULL,NULL,NULL,NULL,NULL,NULL,NULL,NULL,NULL,NULL,8.63,0.108,28.7,0.05,2.28,1.44,0.105,41,10,8.4,2.3,NULL,NULL,NULL,NULL,NULL,NULL,NULL,NULL,NULL,NULL,NULL,NULL,NULL,NULL,NULL,NULL
Lake South,30.023763,-81.327928,GTMLSNUT,2019-06-03 12:06:00,WaterControl,Lake,1.34108180599017,5.36,87.2,NULL,"NA",0.5,56180,7.74,30.1,30.3,32.7222222222222,5.2,0.7,NULL,NULL,4,NULL,0.83,NULL,NULL,NULL,NULL,NULL,NULL,NULL,NULL,NULL,NULL,NULL,NULL,NULL,NULL,NULL,37.16,0.02,26.9,0.008,0.96,1.61,0.0924,10,10,3.4,0.97,NULL,NULL,NULL,NULL,NULL,NULL,NULL,NULL,NULL,NULL,NULL,NULL,NULL,NULL,NULL,NULL
Lake South, , ,GTMLSNUT,2019-07-15 11:35:00,WaterControl,Lake,1,5.41,89.3,NULL,"NA",0.8,54581,7.92,30.7,NULL,31.8,NULL,0.9,NULL,NULL,NULL,NULL,NULL,NULL,NULL,NULL,NULL,NULL,NULL,NULL,NULL,NULL,NULL,NULL,NULL,NULL,NULL,NULL,35.95,NULL,NULL,NULL,NULL,NULL,NULL,NULL,NULL,NULL,NULL,NULL,NULL,NULL,NULL,NULL,NULL,NULL,NULL,NULL,NULL,NULL,NULL,NULL,NULL,NULL,NULL
Lake South,30.023763,-81.327928,GTMLSNUT,2017-11-02 11:14:00,WaterControl,Lake,8.9476,8.98,97.71,NULL,"NA",0.282,12043,7.94,20,23.6,25.5555555555556,5,NULL,NULL,NULL,5,NULL,NULL,NULL,NULL,NULL,NULL,NULL,NULL,NULL,NULL,NULL,NULL,NULL,NULL,NULL,NULL,NULL,6.91,NULL,20.7,0.01,1.41,1.6,0.0824,10,4,5,1.41,NULL,NULL,NULL,NULL,NULL,NULL,NULL,NULL,NULL,NULL,NULL,NULL,NULL,NULL,NULL,NULL
Micklers,30.16073611,-81.36027778,GTMMKNUT,2018-12-05 14:22:00,WaterControl,Lake,2.8,6.2,61.2,NULL,"NA","NA",663,7.14,14.9,3.3,13.4,3.5,4.8,NULL,NULL,2.9,NULL,0.78,NULL,NULL,NULL,NULL,NULL,NULL,NULL,NULL,NULL,NULL,NULL,NULL,NULL,NULL,NULL,0.32,0.037,2.3,0.01,0.84,1.25,0.059,10,9,2.3,0.84,NULL,NULL,NULL,NULL,NULL,NULL,NULL,NULL,NULL,NULL,NULL,NULL,NULL,NULL,NULL,NULL
Micklers,30.16073611,-81.36027778,GTMMKNUT,2019-02-04 16:10:00,WaterControl,Lake,0.5,8.67,88.6,NULL,"NA","NA",648,7.3,16.3,2.1,15.5,2,1.03632,NULL,NULL,2,NULL,0.65,NULL,NULL,NULL,NULL,NULL,NULL,NULL,NULL,NULL,NULL,NULL,NULL,NULL,NULL,NULL,0.32,0.038,2,0.01,1.32,1.29,0.0821,10,10,2,1.32,NULL,NULL,NULL,NULL,NULL,NULL,NULL,NULL,NULL,NULL,NULL,NULL,NULL,NULL,NULL,NULL
Micklers,30.16073611,-81.36027778,GTMMKNUT,2018-11-07 13:39:00,WaterControl,Lake,1.5,2.2,26,NULL,"NA","NA",836,7.38,23.9,2.6,26.8,2.3,1.00609756097561,NULL,NULL,2.3,NULL,1.14,NULL,NULL,NULL,NULL,NULL,NULL,NULL,NULL,NULL,NULL,NULL,NULL,NULL,NULL,NULL,0.41,0.077,2.3,0.014,0.92,1.42,0.0558,10,70,2.3,0.93,NULL,NULL,NULL,NULL,NULL,NULL,NULL,NULL,NULL,NULL,NULL,NULL,NULL,NULL,NULL,NULL
Micklers,30.16073611,-81.36027778,GTMMKNUT,2018-07-11 15:20:00,WaterControl,Lake,1.5,8.8,120.7,NULL,"NA","NA",780,7.85,31.1,3.7,31.6,1.1,1.03048780487805,NULL,NULL,1.8,NULL,0.96,NULL,NULL,NULL,NULL,NULL,NULL,NULL,NULL,NULL,NULL,NULL,NULL,NULL,NULL,NULL,0.38,0.024,2.5,0.01,2.33,1.41,0.035,10,10,1.1,2.33,NULL,NULL,NULL,NULL,NULL,NULL,NULL,NULL,NULL,NULL,NULL,NULL,NULL,NULL,NULL,NULL
Micklers,30.16073611,-81.36027778,GTMMKNUT,2017-11-02 13:11:00,WaterControl,Lake,1.5,4.02,43,NULL,"NA","NA",752,8.19,19.4,7.6,27.2,1.2,NULL,NULL,NULL,2.5,NULL,NULL,NULL,NULL,NULL,NULL,NULL,NULL,NULL,NULL,NULL,NULL,NULL,NULL,NULL,NULL,NULL,0.37,NULL,5.8,0.013,0.96,1.49,0.076,10,10,1.2,0.97,NULL,NULL,NULL,NULL,NULL,NULL,NULL,NULL,NULL,NULL,NULL,NULL,NULL,NULL,NULL,NULL
Micklers,30.16073611,-81.36027778,GTMMKNUT,2019-03-04 13:50:00,WaterControl,Lake,2.14573088958426,8.35,93.3,NULL,"NA","NA",686,7.57,21.8,5.5,20.6111111111111,2,0.945121951219512,NULL,NULL,2.6,NULL,0.49,NULL,NULL,NULL,NULL,NULL,NULL,NULL,NULL,NULL,NULL,NULL,NULL,NULL,NULL,NULL,0.33,0.051,3.7,0.01,0.85,1.41,0.109,10,10,2,0.86,NULL,NULL,NULL,NULL,NULL,NULL,NULL,NULL,NULL,NULL,NULL,NULL,NULL,NULL,NULL,NULL
Micklers, , ,GTMMKNUT,2019-12-16 15:35:00,WaterControl,Lake,1.1,11.89,123.8,NULL,"NA","NA",735,7.55,18.5,2,23.2,2,"NA",NULL,NULL,2,NULL,1.29,NULL,NULL,NULL,NULL,NULL,NULL,NULL,NULL,NULL,NULL,NULL,NULL,NULL,NULL,NULL,0.36,0.036,2,0.01,0.91,1.33,0.081,10,63,2,0.9,NULL,NULL,NULL,NULL,NULL,NULL,NULL,NULL,NULL,NULL,NULL,NULL,NULL,NULL,NULL,NULL
Micklers,30.16073611,-81.36027778,GTMMKNUT,2018-08-08 12:41:00,WaterControl,Lake,0.8,4.58,61.7,NULL,"NA","NA",759,7.22,31,4.4,32.4,2,0.914634146341463,NULL,NULL,2,NULL,1.38,NULL,NULL,NULL,NULL,NULL,NULL,NULL,NULL,NULL,NULL,NULL,NULL,NULL,NULL,NULL,0.37,0.027,3.8,0.01,0.99,1.59,0.078,63,10,2,1,NULL,NULL,NULL,NULL,NULL,NULL,NULL,NULL,NULL,NULL,NULL,NULL,NULL,NULL,NULL,NULL
Micklers,30.16073611,-81.36027778,GTMMKNUT,2018-01-17 13:46:00,WaterControl,Lake,11.1845,10.61,97.3,NULL,"NA","NA",798,7.9,11.7,1.6,17,1.1,NULL,NULL,NULL,1.1,NULL,0.98,NULL,NULL,NULL,NULL,NULL,NULL,NULL,NULL,NULL,NULL,NULL,NULL,NULL,NULL,NULL,0.39,0.038,1.6,0.033,1.25,1.73,0.111,10,2,1.1,1.28,NULL,NULL,NULL,NULL,NULL,NULL,NULL,NULL,NULL,NULL,NULL,NULL,NULL,NULL,NULL,NULL
Micklers,30.16073611,-81.36027778,GTMMKNUT,2018-03-28 12:10:00,WaterControl,Lake,1.2,5.05,56.3,NULL,"NA","NA",865,7.95,19.9,14.1,27.2,1.5,NULL,NULL,NULL,8.4,NULL,1.3,NULL,NULL,NULL,NULL,NULL,NULL,NULL,NULL,NULL,NULL,NULL,NULL,NULL,NULL,NULL,0.43,0.068,8.7,0.015,1.18,1.36,0.167,10,10,1.5,1.19,NULL,NULL,NULL,NULL,NULL,NULL,NULL,NULL,NULL,NULL,NULL,NULL,NULL,NULL,NULL,NULL
Micklers,30.16073611,-81.36027778,GTMMKNUT,2017-12-13 15:15:00,WaterControl,Lake,2.2369,10.32,95.67,NULL,"NA","NA",689,8.11,12.3,3.5,24.5555555555556,2.3,NULL,NULL,NULL,2.3,NULL,0.71,NULL,NULL,NULL,NULL,NULL,NULL,NULL,NULL,NULL,NULL,NULL,NULL,NULL,NULL,NULL,0.34,0.012,2.3,0.028,0.9,1.39,0.0725,10,26,2.3,0.93,NULL,NULL,NULL,NULL,NULL,NULL,NULL,NULL,NULL,NULL,NULL,NULL,NULL,NULL,NULL,NULL
Micklers,30.16073611,-81.36027778,GTMMKNUT,2018-02-14 11:38:00,WaterControl,Lake,6.7107,7.48,75.5,NULL,"NA","NA",678,7.58,15.2,8.6,15,2.5,NULL,NULL,NULL,3.6,NULL,0.97,NULL,NULL,NULL,NULL,NULL,NULL,NULL,NULL,NULL,NULL,NULL,NULL,NULL,NULL,NULL,0.33,0.087,6.1,0.055,0.92,1.44,0.179,10,22,2.5,0.97,NULL,NULL,NULL,NULL,NULL,NULL,NULL,NULL,NULL,NULL,NULL,NULL,NULL,NULL,NULL,NULL
Micklers,30.16073611,-81.36027778,GTMMKNUT,2018-09-06 14:57:00,WaterControl,Lake,2.5,5.31,70.1,NULL,"NA","NA",620,7.27,29.9,5.7,29.3,4.1,1.1280487804878,NULL,NULL,4.6,NULL,0.71,NULL,NULL,NULL,NULL,NULL,NULL,NULL,NULL,NULL,NULL,NULL,NULL,NULL,NULL,NULL,0.3,0.041,3.1,0.01,0.86,1.28,0.0625,41,40,2.5,0.86,NULL,NULL,NULL,NULL,NULL,NULL,NULL,NULL,NULL,NULL,NULL,NULL,NULL,NULL,NULL,NULL
Micklers,30.16073611,-81.36027778,GTMMKNUT,2019-01-22 15:15:00,WaterControl,Lake,0.89408,12.05,117,NULL,"NA","NA",738,7.87,13.9,2,18.61111,2,1.3716,NULL,NULL,2,NULL,0.87,NULL,NULL,NULL,NULL,NULL,NULL,NULL,NULL,NULL,NULL,NULL,NULL,NULL,NULL,NULL,0.36,0.047,2,0.01,0.88,1.43,0.0579,10,18,2,0.88,NULL,NULL,NULL,NULL,NULL,NULL,NULL,NULL,NULL,NULL,NULL,NULL,NULL,NULL,NULL,NULL
Micklers,30.16073611,-81.36027778,GTMMKNUT,2019-04-02 14:37:00,WaterControl,Lake,1.5,9.41,99.7,NULL,"NA","NA",926,7.51,18.2,3.8,19.5,1.1,0.823170731707317,NULL,NULL,2.5,NULL,0.91,NULL,NULL,NULL,NULL,NULL,NULL,NULL,NULL,NULL,NULL,NULL,NULL,NULL,NULL,NULL,0.45,0.035,2.3,0.01,0.82,1.33,0.128,10,10,10,0.83,NULL,NULL,NULL,NULL,NULL,NULL,NULL,NULL,NULL,NULL,NULL,NULL,NULL,NULL,NULL,NULL
Micklers, , ,GTMMKNUT,2019-11-12 14:39:00,WaterControl,Lake,2.2,8,90,NULL,"NA","NA",8.02,7.36,21,2.5,27.4,2.5,"NA",NULL,NULL,2.5,NULL,0.73,NULL,NULL,NULL,NULL,NULL,NULL,NULL,NULL,NULL,NULL,NULL,NULL,NULL,NULL,NULL,0.39,0.022,2.5,0.524,1.03,1.52,0.062,41,27,2.5,1.55,NULL,NULL,NULL,NULL,NULL,NULL,NULL,NULL,NULL,NULL,NULL,NULL,NULL,NULL,NULL,NULL
Micklers, , ,GTMMKNUT,2019-09-10 14:32:00,WaterControl,Lake,1,4.05,55.8,NULL,"NA","NA",731,7.15,32.3,6.8,31.2,3.4,"NA",NULL,NULL,3.4,NULL,1.05,NULL,NULL,NULL,NULL,NULL,NULL,NULL,NULL,NULL,NULL,NULL,NULL,NULL,NULL,NULL,0.35,0.072,5.9,0.01,1.16,1.57,0.173,63,99,3.4,1.16,NULL,NULL,NULL,NULL,NULL,NULL,NULL,NULL,NULL,NULL,NULL,NULL,NULL,NULL,NULL,NULL
Micklers, , ,GTMMKNUT,2019-10-14 14:58:00,WaterControl,Lake,NULL,NULL,NULL,NULL,NULL,NULL,NULL,NULL,NULL,7.9,NULL,2.5,NULL,NULL,NULL,2.8,NULL,0.98,NULL,NULL,NULL,NULL,NULL,NULL,NULL,NULL,NULL,NULL,NULL,NULL,NULL,NULL,NULL,NULL,0.066,6.1,0.01,1.09,1.48,0.143,10,18,2.5,1.1,NULL,NULL,NULL,NULL,NULL,NULL,NULL,NULL,NULL,NULL,NULL,NULL,NULL,NULL,NULL,NULL
Micklers,30.16073611,-81.36027778,GTMMKNUT,2019-05-02 14:20:00,WaterControl,Lake,1.25167635225749,5.61,70.7,NULL,"NA","NA",664,7.73,27,3,30.9444444444444,4.2,0.945121951219512,NULL,NULL,2.4,NULL,1.01,NULL,NULL,NULL,NULL,NULL,NULL,NULL,NULL,NULL,NULL,NULL,NULL,NULL,NULL,NULL,0.32,0.17,2,0.015,0.89,1.29,0.0703,10,9,3,0.91,NULL,NULL,NULL,NULL,NULL,NULL,NULL,NULL,NULL,NULL,NULL,NULL,NULL,NULL,NULL,NULL
Micklers,30.16073611,-81.36027778,GTMMKNUT,2018-10-22 13:55:00,WaterControl,Lake,1.6,3.08,35.1,NULL,"NA","NA",784,7.19,21.2,3.3,25.7,2.3,1.03658536585366,NULL,NULL,2.3,NULL,1.08,NULL,NULL,NULL,NULL,NULL,NULL,NULL,NULL,NULL,NULL,NULL,NULL,NULL,NULL,NULL,0.38,0.06,3,0.015,1.03,1.6,0.0281,20,10,2.3,1.04,NULL,NULL,NULL,NULL,NULL,NULL,NULL,NULL,NULL,NULL,NULL,NULL,NULL,NULL,NULL,NULL
Micklers, , ,GTMMKNUT,2014-10-14 14:58:00,WaterControl,Lake,2,3.34,41.7,NULL,"NA","NA",702,6.97,26.3,NULL,30.8,NULL,"NA",NULL,NULL,NULL,NULL,NULL,NULL,NULL,NULL,NULL,NULL,NULL,NULL,NULL,NULL,NULL,NULL,NULL,NULL,NULL,NULL,NULL,NULL,NULL,NULL,NULL,NULL,NULL,NULL,NULL,NULL,NULL,NULL,NULL,NULL,NULL,NULL,NULL,NULL,NULL,NULL,NULL,NULL,NULL,NULL,NULL,NULL,NULL
Micklers,30.16073611,-81.36027778,GTMMKNUT,2018-04-24 10:56:00,WaterControl,Lake,0.9,5.36,62.1,NULL,"NA","NA",676,7.43,21.8,5,22.9,1.1,NULL,NULL,NULL,2.7,NULL,1.07,NULL,NULL,NULL,NULL,NULL,NULL,NULL,NULL,NULL,NULL,NULL,NULL,NULL,NULL,NULL,0.33,0.044,3.2,0.014,0.9,1.38,0.165,20,20,1.1,0.91,NULL,NULL,NULL,NULL,NULL,NULL,NULL,NULL,NULL,NULL,NULL,NULL,NULL,NULL,NULL,NULL
Micklers,30.16073611,-81.36027778,GTMMKNUT,2017-08-03 11:24:00,WaterControl,Lake,7.60546,37.22,NULL,NULL,NULL,"NA",708,7.53,26.9,4.2,31.2777777777778,1.3,NULL,NULL,NULL,1.3,NULL,NULL,NULL,NULL,NULL,NULL,NULL,NULL,NULL,NULL,NULL,NULL,NULL,NULL,NULL,NULL,NULL,0.34,NULL,3.8,0.01,1.08,1.62,0.0827,110,180,1.3,1.08,NULL,NULL,NULL,NULL,NULL,NULL,NULL,NULL,NULL,NULL,NULL,NULL,NULL,NULL,NULL,NULL
Micklers,30.16073611,-81.36027778,GTMMKNUT,2017-07-20 12:05:00,WaterControl,Lake,1.8,1.62,NULL,NULL,"NA","NA",948,7.5,29.4,4.1,30,1,NULL,NULL,NULL,2,NULL,NULL,NULL,NULL,NULL,NULL,NULL,NULL,NULL,NULL,NULL,NULL,NULL,NULL,NULL,NULL,NULL,0.46,NULL,2.8,0.01,1.11,1.41,0.0425,67,86,1,1.12,NULL,NULL,NULL,NULL,NULL,NULL,NULL,NULL,NULL,NULL,NULL,NULL,NULL,NULL,NULL,NULL
Micklers,30.16073611,-81.36027778,GTMMKNUT,2018-05-30 14:30:00,WaterControl,Lake,1.1,6.02,75.4,NULL,"NA","NA",718,7.36,26.7,3,25.2,2,NULL,NULL,NULL,2,NULL,0.87,NULL,NULL,NULL,NULL,NULL,NULL,NULL,NULL,NULL,NULL,NULL,NULL,NULL,NULL,NULL,0.35,0.148,2.4,0.01,0.99,1.52,0.095,10,5,2,1,NULL,NULL,NULL,NULL,NULL,NULL,NULL,NULL,NULL,NULL,NULL,NULL,NULL,NULL,NULL,NULL
Micklers,30.16073611,-81.36027778,GTMMKNUT,2017-09-20 09:06:00,WaterControl,Lake,1.34214,0.24,2.96,NULL,"NA",0.723,666,6.38,26.1,14.3,25.5555555555556,2.9,NULL,NULL,NULL,2.9,NULL,NULL,NULL,NULL,NULL,NULL,NULL,NULL,NULL,NULL,NULL,NULL,NULL,NULL,NULL,NULL,NULL,0.32,NULL,13.7,0.01,1.42,1.69,0.242,59,490,2.9,1.42,NULL,NULL,NULL,NULL,NULL,NULL,NULL,NULL,NULL,NULL,NULL,NULL,NULL,NULL,NULL,NULL
Micklers,30.16073611,-81.36027778,GTMMKNUT,2017-10-18 12:52:00,WaterControl,Lake,4.4738,5.16,61,NULL,NULL,"NA",693,8.42,22.9,12.2,28.8333333333333,2,NULL,NULL,NULL,2.8,NULL,NULL,NULL,NULL,NULL,NULL,NULL,NULL,NULL,NULL,NULL,NULL,NULL,NULL,NULL,NULL,NULL,0.34,NULL,10.1,0.015,1.15,1.55,0.148,10,120,2,1.16,NULL,NULL,NULL,NULL,NULL,NULL,NULL,NULL,NULL,NULL,NULL,NULL,NULL,NULL,NULL,NULL
Micklers,30.16073611,-81.36027778,GTMMKNUT,2018-06-11 11:47:00,WaterControl,Lake,0.3,6.31,80.1,NULL,"NA","NA",745,7.47,27.1,2.6,30.5,2,NULL,NULL,NULL,2,NULL,0.92,NULL,NULL,NULL,NULL,NULL,NULL,NULL,NULL,NULL,NULL,NULL,NULL,NULL,NULL,NULL,0.36,0.027,2.1,0.01,0.87,1.51,0.0896,10,10,2,0.87,NULL,NULL,NULL,NULL,NULL,NULL,NULL,NULL,NULL,NULL,NULL,NULL,NULL,NULL,NULL,NULL
River North,30.022421,-81.327722,GTMRNNUT,2017-12-13 12:52:00,WaterControl,River,2.68428,11.58,107.42,NULL,"NA",0.382,17071,7.33,12.4,18.5,19.2222222222222,4,NULL,NULL,NULL,4,NULL,0.69,NULL,NULL,NULL,NULL,NULL,NULL,NULL,NULL,NULL,NULL,NULL,NULL,NULL,NULL,NULL,10.06,0.014,16.6,0.01,1.08,1.62,0.0643,10,6,4,1.09,NULL,NULL,NULL,NULL,NULL,NULL,NULL,NULL,NULL,NULL,NULL,NULL,NULL,NULL,NULL,NULL
River North, , ,GTMRNNUT,2019-07-15 10:47:00,WaterControl,River,3,4,65,NULL,"NA",0.8,54518,7.76,29.9,NULL,32,NULL,1,NULL,NULL,NULL,NULL,NULL,NULL,NULL,NULL,NULL,NULL,NULL,NULL,NULL,NULL,NULL,NULL,NULL,NULL,NULL,NULL,35.94,NULL,NULL,NULL,NULL,NULL,NULL,NULL,NULL,NULL,NULL,NULL,NULL,NULL,NULL,NULL,NULL,NULL,NULL,NULL,NULL,NULL,NULL,NULL,NULL,NULL,NULL
River North,30.022421,-81.327722,GTMRNNUT,2019-01-22 11:30:00,WaterControl,River,1.61,8.2,89.7,NULL,"NA",1,34316,7.87,13.5,3.9,13.05556,2,1.8288,NULL,NULL,2,NULL,0.81,NULL,NULL,NULL,NULL,NULL,NULL,NULL,NULL,NULL,NULL,NULL,NULL,NULL,NULL,NULL,21.57,0.082,3,0.016,0.52,1.49,0.0455,10,18,2,0.54,NULL,NULL,NULL,NULL,NULL,NULL,NULL,NULL,NULL,NULL,NULL,NULL,NULL,NULL,NULL,NULL
River North,30.022421,-81.327722,GTMRNNUT,2018-08-08 08:29:00,WaterControl,River,0.8,3.35,47.8,NULL,"NA",0.6,26065,7.49,29.5,14.9,28.9,2.4,0.945121951219512,NULL,NULL,4.1,NULL,1.71,NULL,NULL,NULL,NULL,NULL,NULL,NULL,NULL,NULL,NULL,NULL,NULL,NULL,NULL,NULL,15.97,0.081,12,0.05,1.41,1.52,0.0878,10,80,1.9,1.43,NULL,NULL,NULL,NULL,NULL,NULL,NULL,NULL,NULL,NULL,NULL,NULL,NULL,NULL,NULL,NULL
River North,30.022421,-81.327722,GTMRNNUT,2018-07-11 10:20:00,WaterControl,River,2.1,3.4,49.7,NULL,"NA",1.1,31506,7.12,29.6,18.4,29.4,3.3,1.00609756097561,NULL,NULL,2.9,NULL,0.89,NULL,NULL,NULL,NULL,NULL,NULL,NULL,NULL,NULL,NULL,NULL,NULL,NULL,NULL,NULL,19.55,0.08,16.1,0.057,1.16,1.59,0.0944,20,10,2,1.19,NULL,NULL,NULL,NULL,NULL,NULL,NULL,NULL,NULL,NULL,NULL,NULL,NULL,NULL,NULL,NULL
River North,30.022421,-81.327722,GTMRNNUT,2019-05-02 09:54:00,WaterControl,River,1.87751452838623,5.57,78.3,NULL,"NA",0.8,38888,7.69,25.9,9.1,22.8888888888889,4,1.28048780487805,NULL,NULL,4,NULL,0.74,NULL,NULL,NULL,NULL,NULL,NULL,NULL,NULL,NULL,NULL,NULL,NULL,NULL,NULL,NULL,24.27,0.045,8.7,0.01,1.09,1.68,0.0516,10,9,4,1.1,NULL,NULL,NULL,NULL,NULL,NULL,NULL,NULL,NULL,NULL,NULL,NULL,NULL,NULL,NULL,NULL
River North,30.022421,-81.327722,GTMRNNUT,2017-10-18 11:18:00,WaterControl,River,23.48745,6.4,86.5,NULL,"NA",0.5,30657,7.12,24,8.9,29.4444444444444,4,NULL,NULL,NULL,4,NULL,NULL,NULL,NULL,NULL,NULL,NULL,NULL,NULL,NULL,NULL,NULL,NULL,NULL,NULL,NULL,NULL,19.13,NULL,7.7,0.038,1.44,1.6,0.0676,30,200,4,1.48,NULL,NULL,NULL,NULL,NULL,NULL,NULL,NULL,NULL,NULL,NULL,NULL,NULL,NULL,NULL,NULL
River North,30.022421,-81.327722,GTMRNNUT,2018-05-30 11:28:00,WaterControl,River,2.1,5.51,82.2,NULL,"NA",0.8,47367,7.73,27,62.7,26.8,9.8,1.21951219512195,NULL,NULL,3.4,NULL,0.5,NULL,NULL,NULL,NULL,NULL,NULL,NULL,NULL,NULL,NULL,NULL,NULL,NULL,NULL,NULL,30.76,0.029,58.5,0.045,1.22,1.66,0.0839,10,20,3.4,1.27,NULL,NULL,NULL,NULL,NULL,NULL,NULL,NULL,NULL,NULL,NULL,NULL,NULL,NULL,NULL,NULL
River North, , ,GTMRNNUT,2019-09-10 09:20:00,WaterControl,River,0.6,3.05,47.1,NULL,"NA",0.6,45330,7.29,29.7,40,29.4,5.4,1.06707317073171,NULL,NULL,8,NULL,0.71,NULL,NULL,NULL,NULL,NULL,NULL,NULL,NULL,NULL,NULL,NULL,NULL,NULL,NULL,NULL,29.21,0.022,33.9,0.01,1.28,1.57,0.0925,10,9,3.4,1.28,NULL,NULL,NULL,NULL,NULL,NULL,NULL,NULL,NULL,NULL,NULL,NULL,NULL,NULL,NULL,NULL
River North,30.022421,-81.327722,GTMRNNUT,2019-03-04 10:00:00,WaterControl,River,2.2352,5.77,72.3,NULL,"NA",0.6,31125,7.36,20,8.5,21.27778,2,1.66667,NULL,NULL,2.9,NULL,0.77,NULL,NULL,NULL,NULL,NULL,NULL,NULL,NULL,NULL,NULL,NULL,NULL,NULL,NULL,NULL,19.8,0.116,6.5,0.014,0.61,1.48,0.0621,41,81,2,0.62,NULL,NULL,NULL,NULL,NULL,NULL,NULL,NULL,NULL,NULL,NULL,NULL,NULL,NULL,NULL,NULL
River North,30.022421,-81.327722,GTMRNNUT,2018-06-11 09:30:00,WaterControl,River,2,2.59,38,NULL,"NA",0.5,38399,7.43,27.3,21.1,26.7,3.4,1.09756097560976,NULL,NULL,4.2,NULL,1.04,NULL,NULL,NULL,NULL,NULL,NULL,NULL,NULL,NULL,NULL,NULL,NULL,NULL,NULL,NULL,24.34,0.168,17.9,0.036,1.03,1.57,0.151,10,20,2,1.06,NULL,NULL,NULL,NULL,NULL,NULL,NULL,NULL,NULL,NULL,NULL,NULL,NULL,NULL,NULL,NULL
River North,30.022421,-81.327722,GTMRNNUT,2019-02-04 10:49:00,WaterControl,River,1.6,7.04,78.4,NULL,"NA",1,33064,7.54,14.4,4.5,14.3,2.3,1.70688,NULL,NULL,2.3,NULL,0.72,NULL,NULL,NULL,NULL,NULL,NULL,NULL,NULL,NULL,NULL,NULL,NULL,NULL,NULL,NULL,20.72,0.091,3.6,0.01,0.62,1.5,0.0437,10,18,2.3,0.62,NULL,NULL,NULL,NULL,NULL,NULL,NULL,NULL,NULL,NULL,NULL,NULL,NULL,NULL,NULL,NULL
River North,30.022421,-81.327722,GTMRNNUT,2017-11-02 11:40:00,WaterControl,River,12.97402,5.51,61.06,NULL,"NA",0.43,2213,7.54,20.9,16.2,27.2222222222222,3.5,NULL,NULL,NULL,3.5,NULL,NULL,NULL,NULL,NULL,NULL,NULL,NULL,NULL,NULL,NULL,NULL,NULL,NULL,NULL,NULL,NULL,13.4,NULL,13.5,0.044,0.97,1.55,0.11,10,84,3.5,1.01,NULL,NULL,NULL,NULL,NULL,NULL,NULL,NULL,NULL,NULL,NULL,NULL,NULL,NULL,NULL,NULL
River North, , ,GTMRNNUT,2019-10-14 11:45:00,WaterControl,River,1.2,4.89,71.6,NULL,"NA",0.7,46151,7.39,25.9,11.8,28.9,2.9,1.43292682926829,NULL,NULL,2.9,NULL,0.93,NULL,NULL,NULL,NULL,NULL,NULL,NULL,NULL,NULL,NULL,NULL,NULL,NULL,NULL,NULL,30,0.066,9.8,0.01,1.23,1.54,0.0579,10,9,2.9,1.24,NULL,NULL,NULL,NULL,NULL,NULL,NULL,NULL,NULL,NULL,NULL,NULL,NULL,NULL,NULL,NULL
River North,30.022421,-81.327722,GTMRNNUT,2018-02-14 09:21:00,WaterControl,River,18.56627,7.18,83.9,NULL,"NA",0.8,31330,6.93,16.9,9.8,15.3333333333333,2,NULL,NULL,NULL,2,NULL,1.05,NULL,NULL,NULL,NULL,NULL,NULL,NULL,NULL,NULL,NULL,NULL,NULL,NULL,NULL,NULL,19.54,0.103,8.4,0.037,0.78,1.58,0.0617,85,42,2,0.81,NULL,NULL,NULL,NULL,NULL,NULL,NULL,NULL,NULL,NULL,NULL,NULL,NULL,NULL,NULL,NULL
River North,30.022421,-81.327722,GTMRNNUT,2018-04-24 08:03:00,WaterControl,River,2,4.81,64.4,NULL,"NA",0.8,39521,6.87,22,9.4,19.5,2,1.06707317073171,NULL,NULL,2.5,NULL,0.57,NULL,NULL,NULL,NULL,NULL,NULL,NULL,NULL,NULL,NULL,NULL,NULL,NULL,NULL,NULL,25.21,0.143,7.6,0.04,0.55,1.53,0.0592,73,50,2,0.59,NULL,NULL,NULL,NULL,NULL,NULL,NULL,NULL,NULL,NULL,NULL,NULL,NULL,NULL,NULL,NULL
River North,30.022421,-81.327722,GTMRNNUT,2018-03-28 08:50:00,WaterControl,River,0.5,5.56,72.9,NULL,"NA",0.7,44437,7.22,20.4,6.8,19.4,2,1.55487804878049,NULL,NULL,2.5,NULL,0.7,NULL,NULL,NULL,NULL,NULL,NULL,NULL,NULL,NULL,NULL,NULL,NULL,NULL,NULL,NULL,28.76,0.07,5.2,0.053,0.84,1.48,0.0558,10,2,2,0.89,NULL,NULL,NULL,NULL,NULL,NULL,NULL,NULL,NULL,NULL,NULL,NULL,NULL,NULL,NULL,NULL
River North, , ,GTMRNNUT,2019-08-12 09:50:00,WaterControl,River,0.9,2.84,74.9,NULL,"NA",0.8,49018,7.54,31.5,16.9,30.6,2.9,1.1890243902439,NULL,NULL,2.9,NULL,1.56,NULL,NULL,NULL,NULL,NULL,NULL,NULL,NULL,NULL,NULL,NULL,NULL,NULL,NULL,NULL,31.81,0.092,14.9,0.01,1.66,1.59,0.0718,20,10,2.9,1.66,NULL,NULL,NULL,NULL,NULL,NULL,NULL,NULL,NULL,NULL,NULL,NULL,NULL,NULL,NULL,NULL
River North,30.022421,-81.327722,GTMRNNUT,2018-09-06 08:51:00,WaterControl,River,1,2.73,39.6,NULL,"NA",0.5,33773,7.26,28.5,30.9,29.1,5,1.1890243902439,NULL,NULL,6.5,NULL,1.09,NULL,NULL,NULL,NULL,NULL,NULL,NULL,NULL,NULL,NULL,NULL,NULL,NULL,NULL,NULL,21.05,0.161,26,0.051,1.37,1.56,0.145,10,30,2.3,1.42,NULL,NULL,NULL,NULL,NULL,NULL,NULL,NULL,NULL,NULL,NULL,NULL,NULL,NULL,NULL,NULL
River North,30.022421,-81.327722,GTMRNNUT,2018-12-05 09:43:00,WaterControl,River,5,6.53,77.4,NULL,"NA",0.6,36014,7.65,17,16.3,9.5,3,1.43256,NULL,NULL,2.7,NULL,0.94,NULL,NULL,NULL,NULL,NULL,NULL,NULL,NULL,NULL,NULL,NULL,NULL,NULL,NULL,NULL,22.55,0.067,14.1,0.01,1,1.59,0.0515,30,10,2.5,1.01,NULL,NULL,NULL,NULL,NULL,NULL,NULL,NULL,NULL,NULL,NULL,NULL,NULL,NULL,NULL,NULL
River North,30.022421,-81.327722,GTMRNNUT,2019-04-02 10:32:00,WaterControl,River,3.5,5.1,70.5,NULL,"NA",0.8,42707,7.26,18.9,9.1,14.2,2,1.52439024390244,NULL,NULL,2.6,NULL,0.41,NULL,NULL,NULL,NULL,NULL,NULL,NULL,NULL,NULL,NULL,NULL,NULL,NULL,NULL,NULL,27.08,0.09,7.3,0.013,0.5,1.51,0.0572,30,10,2,0.5,NULL,NULL,NULL,NULL,NULL,NULL,NULL,NULL,NULL,NULL,NULL,NULL,NULL,NULL,NULL,NULL
River North,30.022421,-81.327722,GTMRNNUT,2018-11-07 10:15:00,WaterControl,River,0.4,3.8,53.8,NULL,"NA",1.1,43616,7.25,25,8.7,29.1,2,1.82926829268293,NULL,NULL,3.5,NULL,1,NULL,NULL,NULL,NULL,NULL,NULL,NULL,NULL,NULL,NULL,NULL,NULL,NULL,NULL,NULL,28.19,0.167,6.3,0.014,0.73,1.45,0.0712,10,10,2,0.74,NULL,NULL,NULL,NULL,NULL,NULL,NULL,NULL,NULL,NULL,NULL,NULL,NULL,NULL,NULL,NULL
River North,30.022421,-81.327722,GTMRNNUT,2019-06-03 11:25:00,WaterControl,River,1.6092981671882,4.46,72.9,NULL,"NA",0.5,56707,7.66,29.9,25.6,30.7222222222222,5,1.55487804878049,NULL,NULL,5,NULL,0.83,NULL,NULL,NULL,NULL,NULL,NULL,NULL,NULL,NULL,NULL,NULL,NULL,NULL,NULL,NULL,37.56,0.021,22.7,0.008,0.6,1.61,0.0784,10,10,5,0.61,NULL,NULL,NULL,NULL,NULL,NULL,NULL,NULL,NULL,NULL,NULL,NULL,NULL,NULL,NULL,NULL
River North, , ,GTMRNNUT,2019-12-16 13:57:00,WaterControl,River,2.2,8.7,109.6,NULL,"NA",0.6,37727,7.77,19.4,13.9,22.3,4,1.1280487804878,NULL,NULL,4,NULL,1.29,NULL,NULL,NULL,NULL,NULL,NULL,NULL,NULL,NULL,NULL,NULL,NULL,NULL,NULL,NULL,24.3,0.055,13.2,0.01,1.37,1.68,0.064,31,90,4,1.37,NULL,NULL,NULL,NULL,NULL,NULL,NULL,NULL,NULL,NULL,NULL,NULL,NULL,NULL,NULL,NULL
River North,30.022421,-81.327722,GTMRNNUT,2018-10-22 09:46:00,WaterControl,River,4,5,67.5,NULL,"NA",1,47383,7.59,21.8,12.4,24.2,2,1.3719512195122,NULL,NULL,2.1,NULL,0.99,NULL,NULL,NULL,NULL,NULL,NULL,NULL,NULL,NULL,NULL,NULL,NULL,NULL,NULL,NULL,30.84,0.104,10.7,0.014,0.8,1.58,0.1,10,40,2,0.81,NULL,NULL,NULL,NULL,NULL,NULL,NULL,NULL,NULL,NULL,NULL,NULL,NULL,NULL,NULL,NULL
River North, , ,GTMRNNUT,2019-11-12 10:33:00,WaterControl,River,2,5.48,73.3,NULL,"NA",1.4,45472,7.46,21.2,7,23.4,2.3,1.7,NULL,NULL,2.3,NULL,0.82,NULL,NULL,NULL,NULL,NULL,NULL,NULL,NULL,NULL,NULL,NULL,NULL,NULL,NULL,NULL,29.43,0.065,6.3,0.01,0.77,1.62,0.043,10,9,2.3,0.77,NULL,NULL,NULL,NULL,NULL,NULL,NULL,NULL,NULL,NULL,NULL,NULL,NULL,NULL,NULL,NULL
River North,30.022421,-81.327722,GTMRNNUT,2017-09-20 12:09:00,WaterControl,River,12.75033,4.13,55.2,NULL,NULL,0.42,23592,7.54,30.5,10,34.6111111111111,10,NULL,NULL,NULL,10,NULL,NULL,NULL,NULL,NULL,NULL,NULL,NULL,NULL,NULL,NULL,NULL,NULL,NULL,NULL,NULL,NULL,14.18,NULL,10,0.035,0.92,1.64,0.083,5,31,10,0.95,NULL,NULL,NULL,NULL,NULL,NULL,NULL,NULL,NULL,NULL,NULL,NULL,NULL,NULL,NULL,NULL
River North,30.022421,-81.327722,GTMRNNUT,2018-01-17 10:51:00,WaterControl,River,13.4214,7.01,74.9,NULL,"NA",1.2,36902,7.1,11.7,4.3,15.0555555555556,2,NULL,NULL,NULL,2,NULL,0.47,NULL,NULL,NULL,NULL,NULL,NULL,NULL,NULL,NULL,NULL,NULL,NULL,NULL,NULL,NULL,23.32,0.044,4.2,0.049,0.56,1.71,0.0527,20,14,2,0.58,NULL,NULL,NULL,NULL,NULL,NULL,NULL,NULL,NULL,NULL,NULL,NULL,NULL,NULL,NULL,NULL
River North,30.022421,-81.327722,GTMDSNUT,2017-07-20 08:35:00,WaterControl,River,NULL,0.09,NULL,NULL,NULL,0.44,46135,7.19,30.2,13.2,27.7,2,NULL,NULL,NULL,5.4,NULL,NULL,NULL,NULL,NULL,NULL,NULL,NULL,NULL,NULL,NULL,NULL,NULL,NULL,NULL,NULL,NULL,29.75,NULL,9.6,0.02,1.06,1.45,0.0816,76,10,2,1.08,NULL,NULL,NULL,NULL,NULL,NULL,NULL,NULL,NULL,NULL,NULL,NULL,NULL,NULL,NULL,NULL
River North,30.022421,-81.327722,GTMDSNUT,2017-08-03 10:31:00,WaterControl,River,14.53985,7.3,94.2,NULL,"NA",0.621,38986,7.61,28.7,14.4,NULL,3.4,NULL,NULL,NULL,3.9,NULL,NULL,NULL,NULL,NULL,NULL,NULL,NULL,NULL,NULL,NULL,NULL,NULL,NULL,NULL,NULL,NULL,24.71,NULL,11.6,0.026,1.45,1.52,0.0494,38,21,3.4,1.48,NULL,NULL,NULL,NULL,NULL,NULL,NULL,NULL,NULL,NULL,NULL,NULL,NULL,NULL,NULL,NULL
